商品名,説明,価格,税率,在庫数,公開状態,表示順,商品画像1,商品画像2,商品画像3,商品画像4,商品画像5,商品画像6,商品画像7
"テレビ番組風テロップ素材集 Vol.1｜22デザイン×色違い 76点 透過PNG＋テロップメーカー付き","テレビ番組風テロップ素材集 Vol.1｜22デザイン×色違い 76点の透過PNG＋テロップメーカー付き

貼るだけでテレビ番組のような「あのテロップ」になる、バラエティ・ニュース・情報番組・ドキュメンタリー・クイズ・旅・グルメ・ホラー・スポーツ・恋愛・音楽・教育・キッズ・ビジネス・経済・レトロ・ドラマ・ゲーム・通販・お天気・Vlog・歴史・時代劇 22デザインのセットです。
文字を変えたい人のために、ブラウザで動く「テロップメーカー」を同梱。台本を貼れば全行分を一括でPNG書き出しできます。

■ こんな人に
・YouTube / ショート動画のテロップに「テレビっぽさ」が欲しい
・Premiere Pro の文字装飾を毎回ゼロから作るのが面倒
・CapCut・DaVinci・iMovie でも使える素材が欲しい（画像を置くだけ）

■ 収録内容
・16:9（1920×1080）透過PNG 22デザイン × 色違い（計 76点）
・9:16（1080×1920）縦動画用 透過PNG（同数）
・文字なし「帯・ボックスのみ」PNG（自分のテキストを載せて使える）
・テロップメーカー（HTMLアプリ）: 好きな文字で同デザインを書き出し／台本一括書き出し
・RECIPE.txt: Premiere のエッセンシャルグラフィックスで再現するための設定値

■ 収録デザイン
01. バラエティ・ツッコミ（イエロー・ピンク・ブルー・グリーン）
02. バラエティ・驚き（レッド・ブルー・パープル・ブラック）
03. ニュース速報（レッド・ネイビー・ブラック）
04. ニュース・名前テロップ（ネイビー・レッド・グリーン・ダーク）
05. 情報番組・ワイドショー（オレンジ・ブルー・グリーン・ピンク）
06. ドキュメンタリー・明朝（ホワイト・ゴールド・ブラック）
07. クイズ・ゴールド（ゴールド・シルバー・ブロンズ）
08. 旅番組・ゆる旅（クリーム・ミント・スカイ・ピーチ）
09. グルメ・筆文字（朱・墨・藍・白）
10. ホラー・心霊（赤・青白・緑）
11. スポーツ・速報（ブルー・レッド・グリーン・ブラック）
12. 恋愛リアリティ（ピンク・ラベンダー・ミント）
13. 音楽番組・ネオン（ピンク・シアン・イエロー・グリーン）
14. 教育・キッズポップ（レインボー・オレンジ・グリーン・ブルー）
15. ビジネス・経済（ネイビー・ブラック・ホワイト）
16. 昭和レトロ・版ずれ（クリーム×朱・ミント×紺・レモン×茶）
17. サスペンス・ドラマ帯（ブラック・ホワイト・ワインレッド）
18. ゲーム実況・RPGウィンドウ（ホワイト・グリーン・イエロー・シアン）
19. 通販・お得感（レッド×イエロー・ブルー×イエロー・ピンク×ホワイト）
20. お天気コーナー（スカイ・サンセット・レイン）
21. Vlog・ナチュラル（ホワイト・ベージュ・ブラック）
22. 歴史・時代劇（金・朱・白）

■ 対応ソフト
Premiere Pro / After Effects / CapCut / DaVinci Resolve / Final Cut Pro / iMovie / Canva など、画像を読み込めるものすべて

■ ライセンス
商用利用OK・クレジット表記不要。
素材そのものの再配布・転売・二次配布、素材集としての再パッケージは禁止。
デジタル商品のため、購入後の返品・返金はできません。

■ 注意
特定の番組・局のロゴやデザインを複製したものではなく、ジャンルの「雰囲気」を再現した汎用デザインです。
テロップメーカーはフォント読み込みにインターネット接続が必要です。
ご購入後、ダウンロードできる ZIP（約 数十MB）を解凍してお使いください。

■ サポート
使い方のご質問は BASE のメッセージからどうぞ。

■ よくある質問」として短縮版（★印の5問）を入れる。長い版はサポートのメッセージ返信にコピペする。

## ★ Q. どの編集ソフトで使えますか？
A. 画像（PNG）を読み込めるソフトならすべて使えます。Premiere Pro / After Effects / CapCut / DaVinci Resolve / Final Cut Pro / iMovie / Canva で動作を確認しています。テロップは透過 PNG なので、映像の上に置くだけです。

## ★ Q. 文字は自分で変えられますか？
A. はい。同梱の「テロップメーカー」（HTML アプリ）をブラウザで開き、好きな文字を入れて同じデザインで PNG を書き出せます。台本を貼れば全行分を一括で書き出せます。文字なしの「帯のみ」PNG も入っているので、編集ソフトのテキストを上に乗せる使い方もできます。

## ★ Q. 商用利用はできますか？クレジットは必要ですか？
A. 商用利用 OK、クレジット表記は不要です。YouTube・広告・企業VP・結婚式映像・クライアント案件に使えます。禁止はテロップ素材そのものの再配布・転売・二次配布と、素材集として再パッケージすることだけです。

## ★ Q. 縦動画（ショート・リール）でも使えますか？
A. はい。全デザインに 9:16（1080×1920）版が入っています。16:9（1920×1080）版と同じファイル名で、`png/9x16/` フォルダにあります。

## ★ Q. ZIP を解凍したら文字化けしています／開けません
A. Windows の標準解凍で日本語ファイル名が化けることがあります。7-Zip など UTF-8 対応の解凍ソフトをお使いください。Mac では標準で開けます。それでも開けない場合は BASE のメッセージからご連絡ください。再送します。

## Q. テロップメーカーが真っ白／フォントが違う
A. テロップメーカーはフォントを Google Fonts から読み込むため、インターネット接続が必要です。オフラインだと代替フォントで表示されます。Chrome・Edge・Safari の最新版でお使いください。社内ネットワークで外部フォントがブロックされている場合は、PNG 素材をそのままお使いください。

## Q. Premiere で同じ見た目を自分で作りたい
A. 同梱の RECIPE.txt に、各デザインのフォント・サイズ・色・縁取り・影の設定値を載せています。エッセンシャルグラフィックスで同じ値を入れれば再現できます。

## Q. 1つ買えば会社の他のスタッフも使えますか？
A. 購入者本人と同一事業所内での利用は台数無制限です。別会社・外部スタッフに渡す場合は、その会社ごとにご購入ください。

## Q. 他のパックのテロップメーカーと同じですか？
A. アプリは共通で、入っているデザインがパックごとに違います。複数パックをお持ちの場合は、最新のパックに入っているテロップメーカーが全パック対応版です（designs.js に全デザインが入っています）。

## Q. 返品・返金はできますか？
A. デジタル商品の性質上、購入後の返品・返金はできません。ファイルが壊れている・足りない場合は再送しますので、BASE のメッセージからご連絡ください。

## Q. アップデートはありますか？
A. デザインの修正や追加があった場合は、購入者に BASE のメッセージで新しい ZIP をお送りします。追加料金はありません。

## Q. 特定の番組のテロップと同じものですか？
A. いいえ。特定の番組・局のロゴやデザインを複製したものではなく、ジャンルの「雰囲気」を再現した汎用デザインです。

## Q. 欲しいジャンルがありません
A. 毎日 1 パックずつ新ジャンルを追加しています。BASE のメッセージでリクエストをいただければ、制作の参考にします。

---
## BASE 説明文の末尾に貼る短縮版（コピペ用）

■ よくある質問
Q. どのソフトで使える？ → 画像を読み込めるソフトすべて（Premiere / CapCut / DaVinci / iMovie / Canva）。透過 PNG を置くだけ
Q. 文字は変えられる？ → 同梱のテロップメーカー（ブラウザで動く）で好きな文字に。台本を貼れば一括書き出し
Q. 商用利用・クレジット → 商用 OK・クレジット不要。素材そのものの再配布・転売のみ禁止
Q. 縦動画でも使える？ → 全デザインに 9:16 版を同梱
Q. 解凍できない・文字化け → 7-Zip など UTF-8 対応の解凍ソフトで。それでもダメならメッセージで再送します
© Chain-Movies Inc.","1980","10","9999","1","1","https://raw.githubusercontent.com/chain-movies/daihon-studio/main/factory/gallery/tv-vol1/tv-vol1_01_cover.jpg","https://raw.githubusercontent.com/chain-movies/daihon-studio/main/factory/gallery/tv-vol1/tv-vol1_02_designs.jpg","https://raw.githubusercontent.com/chain-movies/daihon-studio/main/factory/gallery/tv-vol1/tv-vol1_03_portrait.jpg","https://raw.githubusercontent.com/chain-movies/daihon-studio/main/factory/gallery/tv-vol1/tv-vol1_04_howto.jpg","https://raw.githubusercontent.com/chain-movies/daihon-studio/main/factory/gallery/tv-vol1/tv-vol1_05_contents.jpg","https://raw.githubusercontent.com/chain-movies/daihon-studio/main/factory/gallery/tv-vol1/tv-vol1_06_compare.jpg","https://raw.githubusercontent.com/chain-movies/daihon-studio/main/factory/gallery/tv-vol1/tv-vol1_07_faq.jpg"
"バラエティ特化 ツッコミ・リアクションテロップ集｜20デザイン×色違い 67点 透過PNG＋テロップメーカー付き","バラエティ特化 ツッコミ・リアクションテロップ集｜20デザイン×色違い 67点の透過PNG＋テロップメーカー付き

貼るだけでテレビ番組のような「あのテロップ」になる、ツッコミ・リアクション・ガヤ・注釈・結果発表・ナレーション・グルメ・飲み・クイズ・企画 20デザインのセットです。
文字を変えたい人のために、ブラウザで動く「テロップメーカー」を同梱。台本を貼れば全行分を一括でPNG書き出しできます。

■ こんな人に
・YouTube / ショート動画のテロップに「テレビっぽさ」が欲しい
・Premiere Pro の文字装飾を毎回ゼロから作るのが面倒
・CapCut・DaVinci・iMovie でも使える素材が欲しい（画像を置くだけ）

■ 収録内容
・16:9（1920×1080）透過PNG 20デザイン × 色違い（計 67点）
・9:16（1080×1920）縦動画用 透過PNG（同数）
・文字なし「帯・ボックスのみ」PNG（自分のテキストを載せて使える）
・テロップメーカー（HTMLアプリ）: 好きな文字で同デザインを書き出し／台本一括書き出し
・RECIPE.txt: Premiere のエッセンシャルグラフィックスで再現するための設定値

■ 収録デザイン
01. ツッコミ・3重縁取り（レッド・ブルー・イエロー・グリーン）
02. 爆発吹き出し（イエロー×レッド・オレンジ×ホワイト・ピンク×パープル・ホワイト×ブラック）
03. 集中線・衝撃（ブラック・レッド・ブルー・ホワイト（暗い映像用））
04. ザワザワ・手書き（グレー・ブルーグレー・ブラウン・ホワイト）
05. ガヤ・小さめ傾き（ホワイト・イエロー・ピンク・ミント）
06. ご本人登場（レッド・ブルー・ブラック）
07. スタッフ注釈（ホワイト・イエロー・ブラック（明るい映像用））
08. 決定！ゴールド（レッド×ゴールド・ネイビー×ゴールド・ブラック×シルバー）
09. 衝撃の事実・明朝（レッド・ブルー・パープル）
10. 怒り・ギザギザ（レッド・パープル・ブラック）
11. 泣ける・涙（ブルー・ラベンダー・ホワイト）
12. 歓声・うおおお（イエロー×レッド・ブルー×ネイビー・ピンク×パープル）
13. ガーン・落胆（グレー・ブルー・パープル）
14. 乾杯・ほろ酔い（ブラウン・ビール・ワイン・ハイボール）
15. どういうこと？（パープル・ブルー・グリーン・オレンジ）
16. 大正解・花マル（レッド・オレンジ・ピンク）
17. 残念・不正解（ブルー・グレー・パープル）
18. 頂上決戦・対決（ブラック×レッド・ネイビー×イエロー・レッド×ホワイト）
19. ヒソヒソ・内緒話（ホワイト・クリーム・ブラック）
20. 最終結果発表（レッド×イエロー・ブルー×ホワイト・ブラック×ゴールド）

■ 対応ソフト
Premiere Pro / After Effects / CapCut / DaVinci Resolve / Final Cut Pro / iMovie / Canva など、画像を読み込めるものすべて

■ ライセンス
商用利用OK・クレジット表記不要。
素材そのものの再配布・転売・二次配布、素材集としての再パッケージは禁止。
デジタル商品のため、購入後の返品・返金はできません。

■ 注意
特定の番組・局のロゴやデザインを複製したものではなく、ジャンルの「雰囲気」を再現した汎用デザインです。
テロップメーカーはフォント読み込みにインターネット接続が必要です。
ご購入後、ダウンロードできる ZIP（約 数十MB）を解凍してお使いください。

■ サポート
使い方のご質問は BASE のメッセージからどうぞ。

■ よくある質問」として短縮版（★印の5問）を入れる。長い版はサポートのメッセージ返信にコピペする。

## ★ Q. どの編集ソフトで使えますか？
A. 画像（PNG）を読み込めるソフトならすべて使えます。Premiere Pro / After Effects / CapCut / DaVinci Resolve / Final Cut Pro / iMovie / Canva で動作を確認しています。テロップは透過 PNG なので、映像の上に置くだけです。

## ★ Q. 文字は自分で変えられますか？
A. はい。同梱の「テロップメーカー」（HTML アプリ）をブラウザで開き、好きな文字を入れて同じデザインで PNG を書き出せます。台本を貼れば全行分を一括で書き出せます。文字なしの「帯のみ」PNG も入っているので、編集ソフトのテキストを上に乗せる使い方もできます。

## ★ Q. 商用利用はできますか？クレジットは必要ですか？
A. 商用利用 OK、クレジット表記は不要です。YouTube・広告・企業VP・結婚式映像・クライアント案件に使えます。禁止はテロップ素材そのものの再配布・転売・二次配布と、素材集として再パッケージすることだけです。

## ★ Q. 縦動画（ショート・リール）でも使えますか？
A. はい。全デザインに 9:16（1080×1920）版が入っています。16:9（1920×1080）版と同じファイル名で、`png/9x16/` フォルダにあります。

## ★ Q. ZIP を解凍したら文字化けしています／開けません
A. Windows の標準解凍で日本語ファイル名が化けることがあります。7-Zip など UTF-8 対応の解凍ソフトをお使いください。Mac では標準で開けます。それでも開けない場合は BASE のメッセージからご連絡ください。再送します。

## Q. テロップメーカーが真っ白／フォントが違う
A. テロップメーカーはフォントを Google Fonts から読み込むため、インターネット接続が必要です。オフラインだと代替フォントで表示されます。Chrome・Edge・Safari の最新版でお使いください。社内ネットワークで外部フォントがブロックされている場合は、PNG 素材をそのままお使いください。

## Q. Premiere で同じ見た目を自分で作りたい
A. 同梱の RECIPE.txt に、各デザインのフォント・サイズ・色・縁取り・影の設定値を載せています。エッセンシャルグラフィックスで同じ値を入れれば再現できます。

## Q. 1つ買えば会社の他のスタッフも使えますか？
A. 購入者本人と同一事業所内での利用は台数無制限です。別会社・外部スタッフに渡す場合は、その会社ごとにご購入ください。

## Q. 他のパックのテロップメーカーと同じですか？
A. アプリは共通で、入っているデザインがパックごとに違います。複数パックをお持ちの場合は、最新のパックに入っているテロップメーカーが全パック対応版です（designs.js に全デザインが入っています）。

## Q. 返品・返金はできますか？
A. デジタル商品の性質上、購入後の返品・返金はできません。ファイルが壊れている・足りない場合は再送しますので、BASE のメッセージからご連絡ください。

## Q. アップデートはありますか？
A. デザインの修正や追加があった場合は、購入者に BASE のメッセージで新しい ZIP をお送りします。追加料金はありません。

## Q. 特定の番組のテロップと同じものですか？
A. いいえ。特定の番組・局のロゴやデザインを複製したものではなく、ジャンルの「雰囲気」を再現した汎用デザインです。

## Q. 欲しいジャンルがありません
A. 毎日 1 パックずつ新ジャンルを追加しています。BASE のメッセージでリクエストをいただければ、制作の参考にします。

---
## BASE 説明文の末尾に貼る短縮版（コピペ用）

■ よくある質問
Q. どのソフトで使える？ → 画像を読み込めるソフトすべて（Premiere / CapCut / DaVinci / iMovie / Canva）。透過 PNG を置くだけ
Q. 文字は変えられる？ → 同梱のテロップメーカー（ブラウザで動く）で好きな文字に。台本を貼れば一括書き出し
Q. 商用利用・クレジット → 商用 OK・クレジット不要。素材そのものの再配布・転売のみ禁止
Q. 縦動画でも使える？ → 全デザインに 9:16 版を同梱
Q. 解凍できない・文字化け → 7-Zip など UTF-8 対応の解凍ソフトで。それでもダメならメッセージで再送します
© Chain-Movies Inc.","1980","10","9999","1","2","https://raw.githubusercontent.com/chain-movies/daihon-studio/main/factory/gallery/variety-vol1/variety-vol1_01_cover.jpg","https://raw.githubusercontent.com/chain-movies/daihon-studio/main/factory/gallery/variety-vol1/variety-vol1_02_designs.jpg","https://raw.githubusercontent.com/chain-movies/daihon-studio/main/factory/gallery/variety-vol1/variety-vol1_03_portrait.jpg","https://raw.githubusercontent.com/chain-movies/daihon-studio/main/factory/gallery/variety-vol1/variety-vol1_04_howto.jpg","https://raw.githubusercontent.com/chain-movies/daihon-studio/main/factory/gallery/variety-vol1/variety-vol1_05_contents.jpg","https://raw.githubusercontent.com/chain-movies/daihon-studio/main/factory/gallery/variety-vol1/variety-vol1_06_compare.jpg","https://raw.githubusercontent.com/chain-movies/daihon-studio/main/factory/gallery/variety-vol1/variety-vol1_07_faq.jpg"
"ニュース・報道テロップ集｜20デザイン×色違い 67点 透過PNG＋テロップメーカー付き","ニュース・報道テロップ集｜20デザイン×色違い 67点の透過PNG＋テロップメーカー付き

貼るだけでテレビ番組のような「あのテロップ」になる、速報・帯・名前・肩書き・場所・日時・中継・気象・選挙・経済・マーケット・注意喚起・提供・協力・注釈・コメント・独自・字幕・見出し・統計・数字 20デザインのセットです。
文字を変えたい人のために、ブラウザで動く「テロップメーカー」を同梱。台本を貼れば全行分を一括でPNG書き出しできます。

■ こんな人に
・YouTube / ショート動画のテロップに「テレビっぽさ」が欲しい
・Premiere Pro の文字装飾を毎回ゼロから作るのが面倒
・CapCut・DaVinci・iMovie でも使える素材が欲しい（画像を置くだけ）

■ 収録内容
・16:9（1920×1080）透過PNG 20デザイン × 色違い（計 67点）
・9:16（1080×1920）縦動画用 透過PNG（同数）
・文字なし「帯・ボックスのみ」PNG（自分のテキストを載せて使える）
・テロップメーカー（HTMLアプリ）: 好きな文字で同デザインを書き出し／台本一括書き出し
・RECIPE.txt: Premiere のエッセンシャルグラフィックスで再現するための設定値

■ 収録デザイン
01. 速報・ダーク2段（レッド・ネイビー・イエロー）
02. L字風・下帯（ネイビー・ブラック・ホワイト・レッド）
03. 名前・肩書き ダーク（ネイビー・ブラック・レッド・ホワイト）
04. 場所テロップ（ホワイト・ネイビー・ブラック）
05. 中継・LIVE（レッド・ネイビー・グリーン）
06. 気象警報・帯（イエロー・レッド・パープル）
07. 選挙速報・当確（ネイビー×レッド・ブラック×イエロー・ホワイト×レッド）
08. 株価・為替ボード（上昇グリーン・下落レッド・ブルー・ゴールド）
09. 注意喚起・黄黒（イエロー・オレンジ・レッド）
10. 提供テロップ（ホワイト・ゴールド・ブラック）
11. 取材協力（ネイビー・レッド・ブラック）
12. 再現VTR・注釈（ブラック・ホワイト・レッド枠）
13. 専門家コメント（ネイビー・レッド・グリーン・ダーク）
14. 視聴者の声（ネイビー・レッド・グリーン）
15. 続報・帯（オレンジ・ブルー・グリーン）
16. 独自取材（ゴールド・レッド・ホワイト）
17. 字幕・2行黒帯（ブラック・ホワイト・ネイビー・イエロー字）
18. トップニュース見出し（ネイビー・ブラック・レッド・ホワイト）
19. 数字・統計（ネイビー・レッド・ブラック・イエロー）
20. 日時スタンプ（ブラック・ホワイト・ネイビー）

■ 対応ソフト
Premiere Pro / After Effects / CapCut / DaVinci Resolve / Final Cut Pro / iMovie / Canva など、画像を読み込めるものすべて

■ ライセンス
商用利用OK・クレジット表記不要。
素材そのものの再配布・転売・二次配布、素材集としての再パッケージは禁止。
デジタル商品のため、購入後の返品・返金はできません。

■ 注意
特定の番組・局のロゴやデザインを複製したものではなく、ジャンルの「雰囲気」を再現した汎用デザインです。
テロップメーカーはフォント読み込みにインターネット接続が必要です。
ご購入後、ダウンロードできる ZIP（約 数十MB）を解凍してお使いください。

■ サポート
使い方のご質問は BASE のメッセージからどうぞ。

■ よくある質問」として短縮版（★印の5問）を入れる。長い版はサポートのメッセージ返信にコピペする。

## ★ Q. どの編集ソフトで使えますか？
A. 画像（PNG）を読み込めるソフトならすべて使えます。Premiere Pro / After Effects / CapCut / DaVinci Resolve / Final Cut Pro / iMovie / Canva で動作を確認しています。テロップは透過 PNG なので、映像の上に置くだけです。

## ★ Q. 文字は自分で変えられますか？
A. はい。同梱の「テロップメーカー」（HTML アプリ）をブラウザで開き、好きな文字を入れて同じデザインで PNG を書き出せます。台本を貼れば全行分を一括で書き出せます。文字なしの「帯のみ」PNG も入っているので、編集ソフトのテキストを上に乗せる使い方もできます。

## ★ Q. 商用利用はできますか？クレジットは必要ですか？
A. 商用利用 OK、クレジット表記は不要です。YouTube・広告・企業VP・結婚式映像・クライアント案件に使えます。禁止はテロップ素材そのものの再配布・転売・二次配布と、素材集として再パッケージすることだけです。

## ★ Q. 縦動画（ショート・リール）でも使えますか？
A. はい。全デザインに 9:16（1080×1920）版が入っています。16:9（1920×1080）版と同じファイル名で、`png/9x16/` フォルダにあります。

## ★ Q. ZIP を解凍したら文字化けしています／開けません
A. Windows の標準解凍で日本語ファイル名が化けることがあります。7-Zip など UTF-8 対応の解凍ソフトをお使いください。Mac では標準で開けます。それでも開けない場合は BASE のメッセージからご連絡ください。再送します。

## Q. テロップメーカーが真っ白／フォントが違う
A. テロップメーカーはフォントを Google Fonts から読み込むため、インターネット接続が必要です。オフラインだと代替フォントで表示されます。Chrome・Edge・Safari の最新版でお使いください。社内ネットワークで外部フォントがブロックされている場合は、PNG 素材をそのままお使いください。

## Q. Premiere で同じ見た目を自分で作りたい
A. 同梱の RECIPE.txt に、各デザインのフォント・サイズ・色・縁取り・影の設定値を載せています。エッセンシャルグラフィックスで同じ値を入れれば再現できます。

## Q. 1つ買えば会社の他のスタッフも使えますか？
A. 購入者本人と同一事業所内での利用は台数無制限です。別会社・外部スタッフに渡す場合は、その会社ごとにご購入ください。

## Q. 他のパックのテロップメーカーと同じですか？
A. アプリは共通で、入っているデザインがパックごとに違います。複数パックをお持ちの場合は、最新のパックに入っているテロップメーカーが全パック対応版です（designs.js に全デザインが入っています）。

## Q. 返品・返金はできますか？
A. デジタル商品の性質上、購入後の返品・返金はできません。ファイルが壊れている・足りない場合は再送しますので、BASE のメッセージからご連絡ください。

## Q. アップデートはありますか？
A. デザインの修正や追加があった場合は、購入者に BASE のメッセージで新しい ZIP をお送りします。追加料金はありません。

## Q. 特定の番組のテロップと同じものですか？
A. いいえ。特定の番組・局のロゴやデザインを複製したものではなく、ジャンルの「雰囲気」を再現した汎用デザインです。

## Q. 欲しいジャンルがありません
A. 毎日 1 パックずつ新ジャンルを追加しています。BASE のメッセージでリクエストをいただければ、制作の参考にします。

---
## BASE 説明文の末尾に貼る短縮版（コピペ用）

■ よくある質問
Q. どのソフトで使える？ → 画像を読み込めるソフトすべて（Premiere / CapCut / DaVinci / iMovie / Canva）。透過 PNG を置くだけ
Q. 文字は変えられる？ → 同梱のテロップメーカー（ブラウザで動く）で好きな文字に。台本を貼れば一括書き出し
Q. 商用利用・クレジット → 商用 OK・クレジット不要。素材そのものの再配布・転売のみ禁止
Q. 縦動画でも使える？ → 全デザインに 9:16 版を同梱
Q. 解凍できない・文字化け → 7-Zip など UTF-8 対応の解凍ソフトで。それでもダメならメッセージで再送します
© Chain-Movies Inc.","1980","10","9999","1","3","https://raw.githubusercontent.com/chain-movies/daihon-studio/main/factory/gallery/news-vol1/news-vol1_01_cover.jpg","https://raw.githubusercontent.com/chain-movies/daihon-studio/main/factory/gallery/news-vol1/news-vol1_02_designs.jpg","https://raw.githubusercontent.com/chain-movies/daihon-studio/main/factory/gallery/news-vol1/news-vol1_03_portrait.jpg","https://raw.githubusercontent.com/chain-movies/daihon-studio/main/factory/gallery/news-vol1/news-vol1_04_howto.jpg","https://raw.githubusercontent.com/chain-movies/daihon-studio/main/factory/gallery/news-vol1/news-vol1_05_contents.jpg","https://raw.githubusercontent.com/chain-movies/daihon-studio/main/factory/gallery/news-vol1/news-vol1_06_compare.jpg","https://raw.githubusercontent.com/chain-movies/daihon-studio/main/factory/gallery/news-vol1/news-vol1_07_faq.jpg"
"縦動画（ショート・リール）専用 テロップ集｜20デザイン×色違い 74点 透過PNG＋テロップメーカー付き","縦動画（ショート・リール）専用 テロップ集｜20デザイン×色違い 74点の透過PNG＋テロップメーカー付き

貼るだけでテレビ番組のような「あのテロップ」になる、中央ドーン・フック・CTA・字幕・強調・ステップ・比較・数字・セリフ・ラベル・注釈 20デザインのセットです。
文字を変えたい人のために、ブラウザで動く「テロップメーカー」を同梱。台本を貼れば全行分を一括でPNG書き出しできます。

■ こんな人に
・YouTube / ショート動画のテロップに「テレビっぽさ」が欲しい
・Premiere Pro の文字装飾を毎回ゼロから作るのが面倒
・CapCut・DaVinci・iMovie でも使える素材が欲しい（画像を置くだけ）

■ 収録内容
・16:9（1920×1080）透過PNG 20デザイン × 色違い（計 74点）
・9:16（1080×1920）縦動画用 透過PNG（同数）
・文字なし「帯・ボックスのみ」PNG（自分のテキストを載せて使える）
・テロップメーカー（HTMLアプリ）: 好きな文字で同デザインを書き出し／台本一括書き出し
・RECIPE.txt: Premiere のエッセンシャルグラフィックスで再現するための設定値

■ 収録デザイン
01. 中央ドーン・立体ピンク（ピンク・シアン・イエロー・ブラック×ホワイト）
02. 上部フック・ピル（ピンク・シアン・イエロー・ブラック）
03. 下部CTA・ステッカー（ホワイト・イエロー・ライム・ピンク）
04. 字幕バー・1行（ブラック・ホワイト・イエロー字）
05. ハイライトマーカー（イエロー・ピンク・シアン・グリーン）
06. ステップ番号（① ピンク・② シアン・③ イエロー・④ グリーン）
07. 結論タグ付き（結論・イエロー・ポイント・シアン・注意・ピンク・まとめ・ホワイト）
08. NG／OK ラベル（NG・レッド・OK・グリーン・注意・イエロー・コツ・シアン）
09. カウントダウン数字（イエロー・ホワイト・ピンク・シアン）
10. 引用カギカッコ（ホワイト・イエロー・ブラック）
11. ハッシュタグ・ピル（ホワイト・ピンク・ブラック）
12. 注意書き・小（ブラック・ホワイト）
13. Before / After ラベル（Before用・グレー・After用・ピンク・After用・シアン・After用・イエロー）
14. 価格・期間限定（イエロー×レッド・ホワイト×ピンク・シアン×ブラック）
15. 質問吹き出し（ホワイト・イエロー・ピンク・シアン）
16. 保存必須・スタンプ（レッド・ブルー・ホワイト・ブラック）
17. 手書き・つぶやき（ホワイト・イエロー・ピンク・ブラック×ホワイト）
18. 中抜きネオン（シアン・ピンク・ライム・ホワイト）
19. 白カード・2行（ホワイト・イエロー・ピンク・ブラック）
20. Part ラベル・コーナー（ピンク・シアン・イエロー・ブラック）

■ 対応ソフト
Premiere Pro / After Effects / CapCut / DaVinci Resolve / Final Cut Pro / iMovie / Canva など、画像を読み込めるものすべて

■ ライセンス
商用利用OK・クレジット表記不要。
素材そのものの再配布・転売・二次配布、素材集としての再パッケージは禁止。
デジタル商品のため、購入後の返品・返金はできません。

■ 注意
特定の番組・局のロゴやデザインを複製したものではなく、ジャンルの「雰囲気」を再現した汎用デザインです。
テロップメーカーはフォント読み込みにインターネット接続が必要です。
ご購入後、ダウンロードできる ZIP（約 数十MB）を解凍してお使いください。

■ サポート
使い方のご質問は BASE のメッセージからどうぞ。

■ よくある質問」として短縮版（★印の5問）を入れる。長い版はサポートのメッセージ返信にコピペする。

## ★ Q. どの編集ソフトで使えますか？
A. 画像（PNG）を読み込めるソフトならすべて使えます。Premiere Pro / After Effects / CapCut / DaVinci Resolve / Final Cut Pro / iMovie / Canva で動作を確認しています。テロップは透過 PNG なので、映像の上に置くだけです。

## ★ Q. 文字は自分で変えられますか？
A. はい。同梱の「テロップメーカー」（HTML アプリ）をブラウザで開き、好きな文字を入れて同じデザインで PNG を書き出せます。台本を貼れば全行分を一括で書き出せます。文字なしの「帯のみ」PNG も入っているので、編集ソフトのテキストを上に乗せる使い方もできます。

## ★ Q. 商用利用はできますか？クレジットは必要ですか？
A. 商用利用 OK、クレジット表記は不要です。YouTube・広告・企業VP・結婚式映像・クライアント案件に使えます。禁止はテロップ素材そのものの再配布・転売・二次配布と、素材集として再パッケージすることだけです。

## ★ Q. 縦動画（ショート・リール）でも使えますか？
A. はい。全デザインに 9:16（1080×1920）版が入っています。16:9（1920×1080）版と同じファイル名で、`png/9x16/` フォルダにあります。

## ★ Q. ZIP を解凍したら文字化けしています／開けません
A. Windows の標準解凍で日本語ファイル名が化けることがあります。7-Zip など UTF-8 対応の解凍ソフトをお使いください。Mac では標準で開けます。それでも開けない場合は BASE のメッセージからご連絡ください。再送します。

## Q. テロップメーカーが真っ白／フォントが違う
A. テロップメーカーはフォントを Google Fonts から読み込むため、インターネット接続が必要です。オフラインだと代替フォントで表示されます。Chrome・Edge・Safari の最新版でお使いください。社内ネットワークで外部フォントがブロックされている場合は、PNG 素材をそのままお使いください。

## Q. Premiere で同じ見た目を自分で作りたい
A. 同梱の RECIPE.txt に、各デザインのフォント・サイズ・色・縁取り・影の設定値を載せています。エッセンシャルグラフィックスで同じ値を入れれば再現できます。

## Q. 1つ買えば会社の他のスタッフも使えますか？
A. 購入者本人と同一事業所内での利用は台数無制限です。別会社・外部スタッフに渡す場合は、その会社ごとにご購入ください。

## Q. 他のパックのテロップメーカーと同じですか？
A. アプリは共通で、入っているデザインがパックごとに違います。複数パックをお持ちの場合は、最新のパックに入っているテロップメーカーが全パック対応版です（designs.js に全デザインが入っています）。

## Q. 返品・返金はできますか？
A. デジタル商品の性質上、購入後の返品・返金はできません。ファイルが壊れている・足りない場合は再送しますので、BASE のメッセージからご連絡ください。

## Q. アップデートはありますか？
A. デザインの修正や追加があった場合は、購入者に BASE のメッセージで新しい ZIP をお送りします。追加料金はありません。

## Q. 特定の番組のテロップと同じものですか？
A. いいえ。特定の番組・局のロゴやデザインを複製したものではなく、ジャンルの「雰囲気」を再現した汎用デザインです。

## Q. 欲しいジャンルがありません
A. 毎日 1 パックずつ新ジャンルを追加しています。BASE のメッセージでリクエストをいただければ、制作の参考にします。

---
## BASE 説明文の末尾に貼る短縮版（コピペ用）

■ よくある質問
Q. どのソフトで使える？ → 画像を読み込めるソフトすべて（Premiere / CapCut / DaVinci / iMovie / Canva）。透過 PNG を置くだけ
Q. 文字は変えられる？ → 同梱のテロップメーカー（ブラウザで動く）で好きな文字に。台本を貼れば一括書き出し
Q. 商用利用・クレジット → 商用 OK・クレジット不要。素材そのものの再配布・転売のみ禁止
Q. 縦動画でも使える？ → 全デザインに 9:16 版を同梱
Q. 解凍できない・文字化け → 7-Zip など UTF-8 対応の解凍ソフトで。それでもダメならメッセージで再送します
© Chain-Movies Inc.","1980","10","9999","1","4","https://raw.githubusercontent.com/chain-movies/daihon-studio/main/factory/gallery/shorts-vol1/shorts-vol1_01_cover.jpg","https://raw.githubusercontent.com/chain-movies/daihon-studio/main/factory/gallery/shorts-vol1/shorts-vol1_02_designs.jpg","https://raw.githubusercontent.com/chain-movies/daihon-studio/main/factory/gallery/shorts-vol1/shorts-vol1_03_portrait.jpg","https://raw.githubusercontent.com/chain-movies/daihon-studio/main/factory/gallery/shorts-vol1/shorts-vol1_04_howto.jpg","https://raw.githubusercontent.com/chain-movies/daihon-studio/main/factory/gallery/shorts-vol1/shorts-vol1_05_contents.jpg","https://raw.githubusercontent.com/chain-movies/daihon-studio/main/factory/gallery/shorts-vol1/shorts-vol1_06_compare.jpg","https://raw.githubusercontent.com/chain-movies/daihon-studio/main/factory/gallery/shorts-vol1/shorts-vol1_07_faq.jpg"
"企業VP・セミナー動画テロップ集｜20デザイン×色違い 68点 透過PNG＋テロップメーカー付き","企業VP・セミナー動画テロップ集｜20デザイン×色違い 68点の透過PNG＋テロップメーカー付き

貼るだけでテレビ番組のような「あのテロップ」になる、章タイトル・見出し・ポイント・名前・役職・数値実績・引用・箇条書き・区切り・会社名・Q&A・注釈・セミナー・CTA・日時・会場・強調・締め 20デザインのセットです。
文字を変えたい人のために、ブラウザで動く「テロップメーカー」を同梱。台本を貼れば全行分を一括でPNG書き出しできます。

■ こんな人に
・YouTube / ショート動画のテロップに「テレビっぽさ」が欲しい
・Premiere Pro の文字装飾を毎回ゼロから作るのが面倒
・CapCut・DaVinci・iMovie でも使える素材が欲しい（画像を置くだけ）

■ 収録内容
・16:9（1920×1080）透過PNG 20デザイン × 色違い（計 68点）
・9:16（1080×1920）縦動画用 透過PNG（同数）
・文字なし「帯・ボックスのみ」PNG（自分のテキストを載せて使える）
・テロップメーカー（HTMLアプリ）: 好きな文字で同デザインを書き出し／台本一括書き出し
・RECIPE.txt: Premiere のエッセンシャルグラフィックスで再現するための設定値

■ 収録デザイン
01. 章タイトル・英字サブ（ゴールド・ホワイト・ネイビー（明るい映像用））
02. 見出し＋サブ見出し（ホワイト×ゴールド・ネイビー・チャコール・ブルー）
03. POINT 番号（POINT 1・ゴールド・POINT 2・ブルー・POINT 3・ホワイト・CHECK・チャコール）
04. 名前・役職 下線（ゴールド・ホワイト・ブルー・ネイビー文字（明るい映像用））
05. 数値実績・ゴールド（ゴールド・ホワイト・ネイビー（明るい映像用）・シルバー）
06. メッセージ・明朝（ゴールドライン・ホワイトライン・ネイビー（明るい映像用））
07. 箇条書き・1行（ゴールド・ブルー・ホワイト）
08. セクション帯・細（ネイビー・チャコール・ホワイト・ブルー）
09. 会社名・ロゴ風明朝（ホワイト×ゴールド・ゴールド・ネイビー（明るい映像用））
10. Q&A ラベル（Q・ネイビー・A・ゴールド・Q・ブルー・A・チャコール）
11. 注釈・右下（ブラック・ネイビー・ホワイト）
12. ミニマル・英字サブ（ゴールド・ホワイト・ブルー・ネイビー（明るい映像用））
13. アジェンダ・複数行（ホワイト×ネイビー・ネイビー・ホワイト×ゴールド）
14. 講師紹介・カード（ネイビー×ゴールド・チャコール・ホワイト）
15. まとめ・ゴールド（ゴールド・ネイビー・ホワイト・ブルー）
16. お問い合わせ・控えめ（ネイビー×ゴールド・ホワイト・ゴールド）
17. 日時・会場（ネイビー・チャコール・ホワイト）
18. スライド番号風（ブラック・ゴールド文字・ホワイト）
19. キーワード・薄マーカー（ゴールド・ブルー・ホワイト文字）
20. ありがとうございました（ホワイト×ゴールド・ゴールド・ネイビー（明るい映像用））

■ 対応ソフト
Premiere Pro / After Effects / CapCut / DaVinci Resolve / Final Cut Pro / iMovie / Canva など、画像を読み込めるものすべて

■ ライセンス
商用利用OK・クレジット表記不要。
素材そのものの再配布・転売・二次配布、素材集としての再パッケージは禁止。
デジタル商品のため、購入後の返品・返金はできません。

■ 注意
特定の番組・局のロゴやデザインを複製したものではなく、ジャンルの「雰囲気」を再現した汎用デザインです。
テロップメーカーはフォント読み込みにインターネット接続が必要です。
ご購入後、ダウンロードできる ZIP（約 数十MB）を解凍してお使いください。

■ サポート
使い方のご質問は BASE のメッセージからどうぞ。

■ よくある質問」として短縮版（★印の5問）を入れる。長い版はサポートのメッセージ返信にコピペする。

## ★ Q. どの編集ソフトで使えますか？
A. 画像（PNG）を読み込めるソフトならすべて使えます。Premiere Pro / After Effects / CapCut / DaVinci Resolve / Final Cut Pro / iMovie / Canva で動作を確認しています。テロップは透過 PNG なので、映像の上に置くだけです。

## ★ Q. 文字は自分で変えられますか？
A. はい。同梱の「テロップメーカー」（HTML アプリ）をブラウザで開き、好きな文字を入れて同じデザインで PNG を書き出せます。台本を貼れば全行分を一括で書き出せます。文字なしの「帯のみ」PNG も入っているので、編集ソフトのテキストを上に乗せる使い方もできます。

## ★ Q. 商用利用はできますか？クレジットは必要ですか？
A. 商用利用 OK、クレジット表記は不要です。YouTube・広告・企業VP・結婚式映像・クライアント案件に使えます。禁止はテロップ素材そのものの再配布・転売・二次配布と、素材集として再パッケージすることだけです。

## ★ Q. 縦動画（ショート・リール）でも使えますか？
A. はい。全デザインに 9:16（1080×1920）版が入っています。16:9（1920×1080）版と同じファイル名で、`png/9x16/` フォルダにあります。

## ★ Q. ZIP を解凍したら文字化けしています／開けません
A. Windows の標準解凍で日本語ファイル名が化けることがあります。7-Zip など UTF-8 対応の解凍ソフトをお使いください。Mac では標準で開けます。それでも開けない場合は BASE のメッセージからご連絡ください。再送します。

## Q. テロップメーカーが真っ白／フォントが違う
A. テロップメーカーはフォントを Google Fonts から読み込むため、インターネット接続が必要です。オフラインだと代替フォントで表示されます。Chrome・Edge・Safari の最新版でお使いください。社内ネットワークで外部フォントがブロックされている場合は、PNG 素材をそのままお使いください。

## Q. Premiere で同じ見た目を自分で作りたい
A. 同梱の RECIPE.txt に、各デザインのフォント・サイズ・色・縁取り・影の設定値を載せています。エッセンシャルグラフィックスで同じ値を入れれば再現できます。

## Q. 1つ買えば会社の他のスタッフも使えますか？
A. 購入者本人と同一事業所内での利用は台数無制限です。別会社・外部スタッフに渡す場合は、その会社ごとにご購入ください。

## Q. 他のパックのテロップメーカーと同じですか？
A. アプリは共通で、入っているデザインがパックごとに違います。複数パックをお持ちの場合は、最新のパックに入っているテロップメーカーが全パック対応版です（designs.js に全デザインが入っています）。

## Q. 返品・返金はできますか？
A. デジタル商品の性質上、購入後の返品・返金はできません。ファイルが壊れている・足りない場合は再送しますので、BASE のメッセージからご連絡ください。

## Q. アップデートはありますか？
A. デザインの修正や追加があった場合は、購入者に BASE のメッセージで新しい ZIP をお送りします。追加料金はありません。

## Q. 特定の番組のテロップと同じものですか？
A. いいえ。特定の番組・局のロゴやデザインを複製したものではなく、ジャンルの「雰囲気」を再現した汎用デザインです。

## Q. 欲しいジャンルがありません
A. 毎日 1 パックずつ新ジャンルを追加しています。BASE のメッセージでリクエストをいただければ、制作の参考にします。

---
## BASE 説明文の末尾に貼る短縮版（コピペ用）

■ よくある質問
Q. どのソフトで使える？ → 画像を読み込めるソフトすべて（Premiere / CapCut / DaVinci / iMovie / Canva）。透過 PNG を置くだけ
Q. 文字は変えられる？ → 同梱のテロップメーカー（ブラウザで動く）で好きな文字に。台本を貼れば一括書き出し
Q. 商用利用・クレジット → 商用 OK・クレジット不要。素材そのものの再配布・転売のみ禁止
Q. 縦動画でも使える？ → 全デザインに 9:16 版を同梱
Q. 解凍できない・文字化け → 7-Zip など UTF-8 対応の解凍ソフトで。それでもダメならメッセージで再送します
© Chain-Movies Inc.","1980","10","9999","1","5","https://raw.githubusercontent.com/chain-movies/daihon-studio/main/factory/gallery/business-vol1/business-vol1_01_cover.jpg","https://raw.githubusercontent.com/chain-movies/daihon-studio/main/factory/gallery/business-vol1/business-vol1_02_designs.jpg","https://raw.githubusercontent.com/chain-movies/daihon-studio/main/factory/gallery/business-vol1/business-vol1_03_portrait.jpg","https://raw.githubusercontent.com/chain-movies/daihon-studio/main/factory/gallery/business-vol1/business-vol1_04_howto.jpg","https://raw.githubusercontent.com/chain-movies/daihon-studio/main/factory/gallery/business-vol1/business-vol1_05_contents.jpg","https://raw.githubusercontent.com/chain-movies/daihon-studio/main/factory/gallery/business-vol1/business-vol1_06_compare.jpg","https://raw.githubusercontent.com/chain-movies/daihon-studio/main/factory/gallery/business-vol1/business-vol1_07_faq.jpg"
"グルメ・旅・Vlog テロップ集｜20デザイン×色違い 72点 透過PNG＋テロップメーカー付き","グルメ・旅・Vlog テロップ集｜20デザイン×色違い 72点の透過PNG＋テロップメーカー付き

貼るだけでテレビ番組のような「あのテロップ」になる、店名・料理名・強調・場所・店舗情報・見出し・コメント・評価・旅・擬音・注釈・季節・締め・Vlog 20デザインのセットです。
文字を変えたい人のために、ブラウザで動く「テロップメーカー」を同梱。台本を貼れば全行分を一括でPNG書き出しできます。

■ こんな人に
・YouTube / ショート動画のテロップに「テレビっぽさ」が欲しい
・Premiere Pro の文字装飾を毎回ゼロから作るのが面倒
・CapCut・DaVinci・iMovie でも使える素材が欲しい（画像を置くだけ）

■ 収録内容
・16:9（1920×1080）透過PNG 20デザイン × 色違い（計 72点）
・9:16（1080×1920）縦動画用 透過PNG（同数）
・文字なし「帯・ボックスのみ」PNG（自分のテキストを載せて使える）
・テロップメーカー（HTMLアプリ）: 好きな文字で同デザインを書き出し／台本一括書き出し
・RECIPE.txt: Premiere のエッセンシャルグラフィックスで再現するための設定値

■ 収録デザイン
01. 店名＋ジャンル・和紙（生成り×朱・墨×金・抹茶・柿）
02. 料理名＋価格（墨×黄・朱×生成り・抹茶×生成り・生成り×朱）
03. 絶品・スタンプ（朱・抹茶・墨・金）
04. 地名タグ（抹茶・朱・柿・生成り）
05. ロケ日・天気（生成り・墨・白）
06. 営業時間バー（墨×柿・生成り×朱・抹茶）
07. 筆文字・和紙額（生成り×朱・墨×金・朱×生成り・抹茶×生成り）
08. 手書きコメント（墨・朱・抹茶・白）
09. ★評価（黄×墨・朱×生成り・金）
10. ここでしか食べられない（朱・柿・抹茶・墨）
11. 旅の目次「1日目」（柿・抹茶・朱・墨）
12. 移動手段・矢印（生成り×柿・白×抹茶・墨×朱）
13. アツアツ・温度感（アツアツ（朱）・ひんやり（青）・とろ〜り（黄）・シャキシャキ（緑））
14. おすすめ・リボン（朱・抹茶・柿・墨×金）
15. 注釈・税込（生成り・墨・白）
16. お持ち帰りOK・ステッカー（黄・ピンク・抹茶・白）
17. 季節限定・紅葉グラデ（秋（紅葉）・冬（雪）・春（桜）・夏（新緑））
18. ごちそうさまでした（生成り×朱・白×金・墨（明るい映像用））
19. タイムスタンプ（白・柿・墨（明るい映像用））
20. 行ってみた・タグ風（白×柿・生成り×朱・墨×抹茶）

■ 対応ソフト
Premiere Pro / After Effects / CapCut / DaVinci Resolve / Final Cut Pro / iMovie / Canva など、画像を読み込めるものすべて

■ ライセンス
商用利用OK・クレジット表記不要。
素材そのものの再配布・転売・二次配布、素材集としての再パッケージは禁止。
デジタル商品のため、購入後の返品・返金はできません。

■ 注意
特定の番組・局のロゴやデザインを複製したものではなく、ジャンルの「雰囲気」を再現した汎用デザインです。
テロップメーカーはフォント読み込みにインターネット接続が必要です。
ご購入後、ダウンロードできる ZIP（約 数十MB）を解凍してお使いください。

■ サポート
使い方のご質問は BASE のメッセージからどうぞ。

■ よくある質問」として短縮版（★印の5問）を入れる。長い版はサポートのメッセージ返信にコピペする。

## ★ Q. どの編集ソフトで使えますか？
A. 画像（PNG）を読み込めるソフトならすべて使えます。Premiere Pro / After Effects / CapCut / DaVinci Resolve / Final Cut Pro / iMovie / Canva で動作を確認しています。テロップは透過 PNG なので、映像の上に置くだけです。

## ★ Q. 文字は自分で変えられますか？
A. はい。同梱の「テロップメーカー」（HTML アプリ）をブラウザで開き、好きな文字を入れて同じデザインで PNG を書き出せます。台本を貼れば全行分を一括で書き出せます。文字なしの「帯のみ」PNG も入っているので、編集ソフトのテキストを上に乗せる使い方もできます。

## ★ Q. 商用利用はできますか？クレジットは必要ですか？
A. 商用利用 OK、クレジット表記は不要です。YouTube・広告・企業VP・結婚式映像・クライアント案件に使えます。禁止はテロップ素材そのものの再配布・転売・二次配布と、素材集として再パッケージすることだけです。

## ★ Q. 縦動画（ショート・リール）でも使えますか？
A. はい。全デザインに 9:16（1080×1920）版が入っています。16:9（1920×1080）版と同じファイル名で、`png/9x16/` フォルダにあります。

## ★ Q. ZIP を解凍したら文字化けしています／開けません
A. Windows の標準解凍で日本語ファイル名が化けることがあります。7-Zip など UTF-8 対応の解凍ソフトをお使いください。Mac では標準で開けます。それでも開けない場合は BASE のメッセージからご連絡ください。再送します。

## Q. テロップメーカーが真っ白／フォントが違う
A. テロップメーカーはフォントを Google Fonts から読み込むため、インターネット接続が必要です。オフラインだと代替フォントで表示されます。Chrome・Edge・Safari の最新版でお使いください。社内ネットワークで外部フォントがブロックされている場合は、PNG 素材をそのままお使いください。

## Q. Premiere で同じ見た目を自分で作りたい
A. 同梱の RECIPE.txt に、各デザインのフォント・サイズ・色・縁取り・影の設定値を載せています。エッセンシャルグラフィックスで同じ値を入れれば再現できます。

## Q. 1つ買えば会社の他のスタッフも使えますか？
A. 購入者本人と同一事業所内での利用は台数無制限です。別会社・外部スタッフに渡す場合は、その会社ごとにご購入ください。

## Q. 他のパックのテロップメーカーと同じですか？
A. アプリは共通で、入っているデザインがパックごとに違います。複数パックをお持ちの場合は、最新のパックに入っているテロップメーカーが全パック対応版です（designs.js に全デザインが入っています）。

## Q. 返品・返金はできますか？
A. デジタル商品の性質上、購入後の返品・返金はできません。ファイルが壊れている・足りない場合は再送しますので、BASE のメッセージからご連絡ください。

## Q. アップデートはありますか？
A. デザインの修正や追加があった場合は、購入者に BASE のメッセージで新しい ZIP をお送りします。追加料金はありません。

## Q. 特定の番組のテロップと同じものですか？
A. いいえ。特定の番組・局のロゴやデザインを複製したものではなく、ジャンルの「雰囲気」を再現した汎用デザインです。

## Q. 欲しいジャンルがありません
A. 毎日 1 パックずつ新ジャンルを追加しています。BASE のメッセージでリクエストをいただければ、制作の参考にします。

---
## BASE 説明文の末尾に貼る短縮版（コピペ用）

■ よくある質問
Q. どのソフトで使える？ → 画像を読み込めるソフトすべて（Premiere / CapCut / DaVinci / iMovie / Canva）。透過 PNG を置くだけ
Q. 文字は変えられる？ → 同梱のテロップメーカー（ブラウザで動く）で好きな文字に。台本を貼れば一括書き出し
Q. 商用利用・クレジット → 商用 OK・クレジット不要。素材そのものの再配布・転売のみ禁止
Q. 縦動画でも使える？ → 全デザインに 9:16 版を同梱
Q. 解凍できない・文字化け → 7-Zip など UTF-8 対応の解凍ソフトで。それでもダメならメッセージで再送します
© Chain-Movies Inc.","1980","10","9999","1","6","https://raw.githubusercontent.com/chain-movies/daihon-studio/main/factory/gallery/gourmet-vol1/gourmet-vol1_01_cover.jpg","https://raw.githubusercontent.com/chain-movies/daihon-studio/main/factory/gallery/gourmet-vol1/gourmet-vol1_02_designs.jpg","https://raw.githubusercontent.com/chain-movies/daihon-studio/main/factory/gallery/gourmet-vol1/gourmet-vol1_03_portrait.jpg","https://raw.githubusercontent.com/chain-movies/daihon-studio/main/factory/gallery/gourmet-vol1/gourmet-vol1_04_howto.jpg","https://raw.githubusercontent.com/chain-movies/daihon-studio/main/factory/gallery/gourmet-vol1/gourmet-vol1_05_contents.jpg","https://raw.githubusercontent.com/chain-movies/daihon-studio/main/factory/gallery/gourmet-vol1/gourmet-vol1_06_compare.jpg","https://raw.githubusercontent.com/chain-movies/daihon-studio/main/factory/gallery/gourmet-vol1/gourmet-vol1_07_faq.jpg"
"教育・子ども向け ポップテロップ集｜20デザイン×色違い 71点 透過PNG＋テロップメーカー付き","教育・子ども向け ポップテロップ集｜20デザイン×色違い 71点の透過PNG＋テロップメーカー付き

貼るだけでテレビ番組のような「あのテロップ」になる、クイズ・見出し・よびかけ・ポイント・ステップ・ラベル・まめちしき・締め・コメント・数字・注釈 20デザインのセットです。
文字を変えたい人のために、ブラウザで動く「テロップメーカー」を同梱。台本を貼れば全行分を一括でPNG書き出しできます。

■ こんな人に
・YouTube / ショート動画のテロップに「テレビっぽさ」が欲しい
・Premiere Pro の文字装飾を毎回ゼロから作るのが面倒
・CapCut・DaVinci・iMovie でも使える素材が欲しい（画像を置くだけ）

■ 収録内容
・16:9（1920×1080）透過PNG 20デザイン × 色違い（計 71点）
・9:16（1080×1920）縦動画用 透過PNG（同数）
・文字なし「帯・ボックスのみ」PNG（自分のテキストを載せて使える）
・テロップメーカー（HTMLアプリ）: 好きな文字で同デザインを書き出し／台本一括書き出し
・RECIPE.txt: Premiere のエッセンシャルグラフィックスで再現するための設定値

■ 収録デザイン
01. もんだい・タグ付き（きいろ×ピンク・みずいろ×あお・みどり×オレンジ・むらさき×みどり）
02. せいかい！・バースト（ピンク×きいろ・オレンジ×みずいろ・みどり×しろ）
03. おしい！・ふわっと（みずいろ・むらさき・ピンク）
04. ひらがな見出し・まる文字（ピンク・みずいろ・きいろ・みどり）
05. やってみよう！（オレンジ・ピンク・あお・みどり）
06. ポイント・ふせん風（きいろ・ピンク・みずいろ・みどり）
07. おぼえておこう・リボン（みどり・ピンク・あお・むらさき）
08. 番号・星バッジ（1・オレンジ・2・ピンク・3・あお・4・みどり）
09. なまえ・記名欄風（ピンク・あお・みどり）
10. きょうのテーマ・ヘッダー（あお×ピンク・ピンク×きいろ・みどり×きいろ・オレンジ×みずいろ）
11. まる（○）（あか・オレンジ・ピンク）
12. ばつ（×）（あお・むらさき・グレー）
13. レベル・ピル（むらさき・みどり・オレンジ・あお）
14. まめちしき・ふきだし（みどり・ピンク・あお）
15. おわり・キラキラ（みずいろ・ピンク・きいろ）
16. Let's try!・英語（ピンク・あお・みどり・オレンジ）
17. せんせいのコメント・手書き（きいろ・ピンク・みずいろ）
18. カウント「10びょう」（オレンジ・ピンク・あお・みどり）
19. まとめ・キラキラ（ピンク・あお・みどり・オレンジ）
20. おうちのひとと・注意書き（ピンク・あお・みどり）

■ 対応ソフト
Premiere Pro / After Effects / CapCut / DaVinci Resolve / Final Cut Pro / iMovie / Canva など、画像を読み込めるものすべて

■ ライセンス
商用利用OK・クレジット表記不要。
素材そのものの再配布・転売・二次配布、素材集としての再パッケージは禁止。
デジタル商品のため、購入後の返品・返金はできません。

■ 注意
特定の番組・局のロゴやデザインを複製したものではなく、ジャンルの「雰囲気」を再現した汎用デザインです。
テロップメーカーはフォント読み込みにインターネット接続が必要です。
ご購入後、ダウンロードできる ZIP（約 数十MB）を解凍してお使いください。

■ サポート
使い方のご質問は BASE のメッセージからどうぞ。

■ よくある質問」として短縮版（★印の5問）を入れる。長い版はサポートのメッセージ返信にコピペする。

## ★ Q. どの編集ソフトで使えますか？
A. 画像（PNG）を読み込めるソフトならすべて使えます。Premiere Pro / After Effects / CapCut / DaVinci Resolve / Final Cut Pro / iMovie / Canva で動作を確認しています。テロップは透過 PNG なので、映像の上に置くだけです。

## ★ Q. 文字は自分で変えられますか？
A. はい。同梱の「テロップメーカー」（HTML アプリ）をブラウザで開き、好きな文字を入れて同じデザインで PNG を書き出せます。台本を貼れば全行分を一括で書き出せます。文字なしの「帯のみ」PNG も入っているので、編集ソフトのテキストを上に乗せる使い方もできます。

## ★ Q. 商用利用はできますか？クレジットは必要ですか？
A. 商用利用 OK、クレジット表記は不要です。YouTube・広告・企業VP・結婚式映像・クライアント案件に使えます。禁止はテロップ素材そのものの再配布・転売・二次配布と、素材集として再パッケージすることだけです。

## ★ Q. 縦動画（ショート・リール）でも使えますか？
A. はい。全デザインに 9:16（1080×1920）版が入っています。16:9（1920×1080）版と同じファイル名で、`png/9x16/` フォルダにあります。

## ★ Q. ZIP を解凍したら文字化けしています／開けません
A. Windows の標準解凍で日本語ファイル名が化けることがあります。7-Zip など UTF-8 対応の解凍ソフトをお使いください。Mac では標準で開けます。それでも開けない場合は BASE のメッセージからご連絡ください。再送します。

## Q. テロップメーカーが真っ白／フォントが違う
A. テロップメーカーはフォントを Google Fonts から読み込むため、インターネット接続が必要です。オフラインだと代替フォントで表示されます。Chrome・Edge・Safari の最新版でお使いください。社内ネットワークで外部フォントがブロックされている場合は、PNG 素材をそのままお使いください。

## Q. Premiere で同じ見た目を自分で作りたい
A. 同梱の RECIPE.txt に、各デザインのフォント・サイズ・色・縁取り・影の設定値を載せています。エッセンシャルグラフィックスで同じ値を入れれば再現できます。

## Q. 1つ買えば会社の他のスタッフも使えますか？
A. 購入者本人と同一事業所内での利用は台数無制限です。別会社・外部スタッフに渡す場合は、その会社ごとにご購入ください。

## Q. 他のパックのテロップメーカーと同じですか？
A. アプリは共通で、入っているデザインがパックごとに違います。複数パックをお持ちの場合は、最新のパックに入っているテロップメーカーが全パック対応版です（designs.js に全デザインが入っています）。

## Q. 返品・返金はできますか？
A. デジタル商品の性質上、購入後の返品・返金はできません。ファイルが壊れている・足りない場合は再送しますので、BASE のメッセージからご連絡ください。

## Q. アップデートはありますか？
A. デザインの修正や追加があった場合は、購入者に BASE のメッセージで新しい ZIP をお送りします。追加料金はありません。

## Q. 特定の番組のテロップと同じものですか？
A. いいえ。特定の番組・局のロゴやデザインを複製したものではなく、ジャンルの「雰囲気」を再現した汎用デザインです。

## Q. 欲しいジャンルがありません
A. 毎日 1 パックずつ新ジャンルを追加しています。BASE のメッセージでリクエストをいただければ、制作の参考にします。

---
## BASE 説明文の末尾に貼る短縮版（コピペ用）

■ よくある質問
Q. どのソフトで使える？ → 画像を読み込めるソフトすべて（Premiere / CapCut / DaVinci / iMovie / Canva）。透過 PNG を置くだけ
Q. 文字は変えられる？ → 同梱のテロップメーカー（ブラウザで動く）で好きな文字に。台本を貼れば一括書き出し
Q. 商用利用・クレジット → 商用 OK・クレジット不要。素材そのものの再配布・転売のみ禁止
Q. 縦動画でも使える？ → 全デザインに 9:16 版を同梱
Q. 解凍できない・文字化け → 7-Zip など UTF-8 対応の解凍ソフトで。それでもダメならメッセージで再送します
© Chain-Movies Inc.","1980","10","9999","1","7","https://raw.githubusercontent.com/chain-movies/daihon-studio/main/factory/gallery/kids-vol1/kids-vol1_01_cover.jpg","https://raw.githubusercontent.com/chain-movies/daihon-studio/main/factory/gallery/kids-vol1/kids-vol1_02_designs.jpg","https://raw.githubusercontent.com/chain-movies/daihon-studio/main/factory/gallery/kids-vol1/kids-vol1_03_portrait.jpg","https://raw.githubusercontent.com/chain-movies/daihon-studio/main/factory/gallery/kids-vol1/kids-vol1_04_howto.jpg","https://raw.githubusercontent.com/chain-movies/daihon-studio/main/factory/gallery/kids-vol1/kids-vol1_05_contents.jpg","https://raw.githubusercontent.com/chain-movies/daihon-studio/main/factory/gallery/kids-vol1/kids-vol1_06_compare.jpg","https://raw.githubusercontent.com/chain-movies/daihon-studio/main/factory/gallery/kids-vol1/kids-vol1_07_faq.jpg"
"スポーツ中継・速報テロップ集｜20デザイン×色違い 63点 透過PNG＋テロップメーカー付き","スポーツ中継・速報テロップ集｜20デザイン×色違い 63点の透過PNG＋テロップメーカー付き

貼るだけでテレビ番組のような「あのテロップ」になる、スコア・選手・速報・帯・結果・記録・試合情報・対戦・順位・実況・解説・応援 20デザインのセットです。
文字を変えたい人のために、ブラウザで動く「テロップメーカー」を同梱。台本を貼れば全行分を一括でPNG書き出しできます。

■ こんな人に
・YouTube / ショート動画のテロップに「テレビっぽさ」が欲しい
・Premiere Pro の文字装飾を毎回ゼロから作るのが面倒
・CapCut・DaVinci・iMovie でも使える素材が欲しい（画像を置くだけ）

■ 収録内容
・16:9（1920×1080）透過PNG 20デザイン × 色違い（計 63点）
・9:16（1080×1920）縦動画用 透過PNG（同数）
・文字なし「帯・ボックスのみ」PNG（自分のテキストを載せて使える）
・テロップメーカー（HTMLアプリ）: 好きな文字で同デザインを書き出し／台本一括書き出し
・RECIPE.txt: Premiere のエッセンシャルグラフィックスで再現するための設定値

■ 収録デザイン
01. スコアボード（ブラック×レッド・ブラック×ブルー・ホワイト・ネイビー×イエロー）
02. 選手名＋背番号（レッド・ブルー・グリーン・ゴールド）
03. ゴール！・集中線（レッド・ブルー・グリーン）
04. HIGHLIGHT・英字帯（レッド・ブルー・ブラック）
05. WIN／LOSE ラベル（WIN・ゴールド・LOSE・ブルー・DRAW・シルバー）
06. 記録更新・NEW RECORD（ブルー×イエロー・レッド×イエロー・ゴールド）
07. タイム・大数字（ホワイト・イエロー・シアン）
08. 前半・後半 時間（レッド・ブルー・イエロー・ホワイト）
09. 対戦カード・赤vs青（レッドvsブルー・グリーンvsイエロー・ブラックvsホワイト）
10. 順位・メダル風（金・銀・銅）
11. 決まった！・効果線（レッド・ブルー・イエロー）
12. MVP・ゴールド（ゴールド・シルバー）
13. 延長戦・帯（レッド・ブルー・ブラック）
14. 逆転・炎グラデ（炎・氷・雷）
15. 解説コメント（ブルー・レッド・グリーン）
16. 会場・日時（ブラック×イエロー・ブルー・ホワイト）
17. 天候・気温（ブルー・ブラック・ホワイト）
18. 連勝中・HOT（レッド・ブルー・ゴールド）
19. がんばれ！・応援（レッド・ブルー・グリーン・イエロー）
20. REPLAY・ラベル（ホワイト・レッド・イエロー）

■ 対応ソフト
Premiere Pro / After Effects / CapCut / DaVinci Resolve / Final Cut Pro / iMovie / Canva など、画像を読み込めるものすべて

■ ライセンス
商用利用OK・クレジット表記不要。
素材そのものの再配布・転売・二次配布、素材集としての再パッケージは禁止。
デジタル商品のため、購入後の返品・返金はできません。

■ 注意
特定の番組・局のロゴやデザインを複製したものではなく、ジャンルの「雰囲気」を再現した汎用デザインです。
テロップメーカーはフォント読み込みにインターネット接続が必要です。
ご購入後、ダウンロードできる ZIP（約 数十MB）を解凍してお使いください。

■ サポート
使い方のご質問は BASE のメッセージからどうぞ。

■ よくある質問」として短縮版（★印の5問）を入れる。長い版はサポートのメッセージ返信にコピペする。

## ★ Q. どの編集ソフトで使えますか？
A. 画像（PNG）を読み込めるソフトならすべて使えます。Premiere Pro / After Effects / CapCut / DaVinci Resolve / Final Cut Pro / iMovie / Canva で動作を確認しています。テロップは透過 PNG なので、映像の上に置くだけです。

## ★ Q. 文字は自分で変えられますか？
A. はい。同梱の「テロップメーカー」（HTML アプリ）をブラウザで開き、好きな文字を入れて同じデザインで PNG を書き出せます。台本を貼れば全行分を一括で書き出せます。文字なしの「帯のみ」PNG も入っているので、編集ソフトのテキストを上に乗せる使い方もできます。

## ★ Q. 商用利用はできますか？クレジットは必要ですか？
A. 商用利用 OK、クレジット表記は不要です。YouTube・広告・企業VP・結婚式映像・クライアント案件に使えます。禁止はテロップ素材そのものの再配布・転売・二次配布と、素材集として再パッケージすることだけです。

## ★ Q. 縦動画（ショート・リール）でも使えますか？
A. はい。全デザインに 9:16（1080×1920）版が入っています。16:9（1920×1080）版と同じファイル名で、`png/9x16/` フォルダにあります。

## ★ Q. ZIP を解凍したら文字化けしています／開けません
A. Windows の標準解凍で日本語ファイル名が化けることがあります。7-Zip など UTF-8 対応の解凍ソフトをお使いください。Mac では標準で開けます。それでも開けない場合は BASE のメッセージからご連絡ください。再送します。

## Q. テロップメーカーが真っ白／フォントが違う
A. テロップメーカーはフォントを Google Fonts から読み込むため、インターネット接続が必要です。オフラインだと代替フォントで表示されます。Chrome・Edge・Safari の最新版でお使いください。社内ネットワークで外部フォントがブロックされている場合は、PNG 素材をそのままお使いください。

## Q. Premiere で同じ見た目を自分で作りたい
A. 同梱の RECIPE.txt に、各デザインのフォント・サイズ・色・縁取り・影の設定値を載せています。エッセンシャルグラフィックスで同じ値を入れれば再現できます。

## Q. 1つ買えば会社の他のスタッフも使えますか？
A. 購入者本人と同一事業所内での利用は台数無制限です。別会社・外部スタッフに渡す場合は、その会社ごとにご購入ください。

## Q. 他のパックのテロップメーカーと同じですか？
A. アプリは共通で、入っているデザインがパックごとに違います。複数パックをお持ちの場合は、最新のパックに入っているテロップメーカーが全パック対応版です（designs.js に全デザインが入っています）。

## Q. 返品・返金はできますか？
A. デジタル商品の性質上、購入後の返品・返金はできません。ファイルが壊れている・足りない場合は再送しますので、BASE のメッセージからご連絡ください。

## Q. アップデートはありますか？
A. デザインの修正や追加があった場合は、購入者に BASE のメッセージで新しい ZIP をお送りします。追加料金はありません。

## Q. 特定の番組のテロップと同じものですか？
A. いいえ。特定の番組・局のロゴやデザインを複製したものではなく、ジャンルの「雰囲気」を再現した汎用デザインです。

## Q. 欲しいジャンルがありません
A. 毎日 1 パックずつ新ジャンルを追加しています。BASE のメッセージでリクエストをいただければ、制作の参考にします。

---
## BASE 説明文の末尾に貼る短縮版（コピペ用）

■ よくある質問
Q. どのソフトで使える？ → 画像を読み込めるソフトすべて（Premiere / CapCut / DaVinci / iMovie / Canva）。透過 PNG を置くだけ
Q. 文字は変えられる？ → 同梱のテロップメーカー（ブラウザで動く）で好きな文字に。台本を貼れば一括書き出し
Q. 商用利用・クレジット → 商用 OK・クレジット不要。素材そのものの再配布・転売のみ禁止
Q. 縦動画でも使える？ → 全デザインに 9:16 版を同梱
Q. 解凍できない・文字化け → 7-Zip など UTF-8 対応の解凍ソフトで。それでもダメならメッセージで再送します
© Chain-Movies Inc.","1980","10","9999","1","8","https://raw.githubusercontent.com/chain-movies/daihon-studio/main/factory/gallery/sports-vol1/sports-vol1_01_cover.jpg","https://raw.githubusercontent.com/chain-movies/daihon-studio/main/factory/gallery/sports-vol1/sports-vol1_02_designs.jpg","https://raw.githubusercontent.com/chain-movies/daihon-studio/main/factory/gallery/sports-vol1/sports-vol1_03_portrait.jpg","https://raw.githubusercontent.com/chain-movies/daihon-studio/main/factory/gallery/sports-vol1/sports-vol1_04_howto.jpg","https://raw.githubusercontent.com/chain-movies/daihon-studio/main/factory/gallery/sports-vol1/sports-vol1_05_contents.jpg","https://raw.githubusercontent.com/chain-movies/daihon-studio/main/factory/gallery/sports-vol1/sports-vol1_06_compare.jpg","https://raw.githubusercontent.com/chain-movies/daihon-studio/main/factory/gallery/sports-vol1/sports-vol1_07_faq.jpg"
"季節イベント テロップ集（ハロウィン・秋・クリスマス・年末年始）｜20デザイン×色違い 61点 透過PNG＋テロップメーカー付き","季節イベント テロップ集（ハロウィン・秋・クリスマス・年末年始）｜20デザイン×色違い 61点の透過PNG＋テロップメーカー付き

貼るだけでテレビ番組のような「あのテロップ」になる、ハロウィン・秋・クリスマス・年末年始 20デザインのセットです。
文字を変えたい人のために、ブラウザで動く「テロップメーカー」を同梱。台本を貼れば全行分を一括でPNG書き出しできます。

■ こんな人に
・YouTube / ショート動画のテロップに「テレビっぽさ」が欲しい
・Premiere Pro の文字装飾を毎回ゼロから作るのが面倒
・CapCut・DaVinci・iMovie でも使える素材が欲しい（画像を置くだけ）

■ 収録内容
・16:9（1920×1080）透過PNG 20デザイン × 色違い（計 61点）
・9:16（1080×1920）縦動画用 透過PNG（同数）
・文字なし「帯・ボックスのみ」PNG（自分のテキストを載せて使える）
・テロップメーカー（HTMLアプリ）: 好きな文字で同デザインを書き出し／台本一括書き出し
・RECIPE.txt: Premiere のエッセンシャルグラフィックスで再現するための設定値

■ 収録デザイン
01. Happy Halloween・紫×橙（オレンジ・パープル・ブラック×オレンジ）
02. ハロウィンイベント・帯（パープル×オレンジ・ブラック×オレンジ・オレンジ×パープル）
03. トリック・オア・トリート・吹き出し（オレンジ・パープル・グリーン）
04. ハロウィン限定・タグ（パープル・ブラック・オレンジ）
05. 仮装コンテスト・スタンプ（オレンジ・パープル・ホワイト）
06. 紅葉狩り・筆文字（紅・銀杏（黄）・墨）
07. 秋の味覚フェア・リボン（柿・栗（茶）・抹茶）
08. 読書の秋・明朝（墨×金・生成り・藍）
09. 開催期間・小（生成り×柿・墨×金・白×抹茶）
10. 秋のセール・ドーン（柿・栗（茶）・銀杏（黄））
11. Merry Christmas・赤緑金（ゴールド・レッド・グリーン・ホワイト）
12. クリスマス限定・帯（レッド・グリーン・ネイビー×ゴールド）
13. イルミネーション点灯・ネオン（ゴールド・ブルー・ピンク）
14. プレゼント企画・ステッカー（レッド×グリーン・グリーン×レッド・ゴールド）
15. クリスマスメニュー・カード（ホワイト×レッド・グリーン・ネイビー×ゴールド）
16. 謹賀新年・金赤（朱×金・白×朱・墨×金）
17. 今年もありがとうございました（白×金・朱・墨（明るい映像用））
18. 年末セール・初売り（朱×金・初売り（白×朱）・墨×金）
19. あけましておめでとう・丸文字（朱×金・金×朱・墨×白）
20. 新年の抱負・和紙札（生成り×朱・生成り×金・墨×金）

■ 対応ソフト
Premiere Pro / After Effects / CapCut / DaVinci Resolve / Final Cut Pro / iMovie / Canva など、画像を読み込めるものすべて

■ ライセンス
商用利用OK・クレジット表記不要。
素材そのものの再配布・転売・二次配布、素材集としての再パッケージは禁止。
デジタル商品のため、購入後の返品・返金はできません。

■ 注意
特定の番組・局のロゴやデザインを複製したものではなく、ジャンルの「雰囲気」を再現した汎用デザインです。
テロップメーカーはフォント読み込みにインターネット接続が必要です。
ご購入後、ダウンロードできる ZIP（約 数十MB）を解凍してお使いください。

■ サポート
使い方のご質問は BASE のメッセージからどうぞ。

■ よくある質問」として短縮版（★印の5問）を入れる。長い版はサポートのメッセージ返信にコピペする。

## ★ Q. どの編集ソフトで使えますか？
A. 画像（PNG）を読み込めるソフトならすべて使えます。Premiere Pro / After Effects / CapCut / DaVinci Resolve / Final Cut Pro / iMovie / Canva で動作を確認しています。テロップは透過 PNG なので、映像の上に置くだけです。

## ★ Q. 文字は自分で変えられますか？
A. はい。同梱の「テロップメーカー」（HTML アプリ）をブラウザで開き、好きな文字を入れて同じデザインで PNG を書き出せます。台本を貼れば全行分を一括で書き出せます。文字なしの「帯のみ」PNG も入っているので、編集ソフトのテキストを上に乗せる使い方もできます。

## ★ Q. 商用利用はできますか？クレジットは必要ですか？
A. 商用利用 OK、クレジット表記は不要です。YouTube・広告・企業VP・結婚式映像・クライアント案件に使えます。禁止はテロップ素材そのものの再配布・転売・二次配布と、素材集として再パッケージすることだけです。

## ★ Q. 縦動画（ショート・リール）でも使えますか？
A. はい。全デザインに 9:16（1080×1920）版が入っています。16:9（1920×1080）版と同じファイル名で、`png/9x16/` フォルダにあります。

## ★ Q. ZIP を解凍したら文字化けしています／開けません
A. Windows の標準解凍で日本語ファイル名が化けることがあります。7-Zip など UTF-8 対応の解凍ソフトをお使いください。Mac では標準で開けます。それでも開けない場合は BASE のメッセージからご連絡ください。再送します。

## Q. テロップメーカーが真っ白／フォントが違う
A. テロップメーカーはフォントを Google Fonts から読み込むため、インターネット接続が必要です。オフラインだと代替フォントで表示されます。Chrome・Edge・Safari の最新版でお使いください。社内ネットワークで外部フォントがブロックされている場合は、PNG 素材をそのままお使いください。

## Q. Premiere で同じ見た目を自分で作りたい
A. 同梱の RECIPE.txt に、各デザインのフォント・サイズ・色・縁取り・影の設定値を載せています。エッセンシャルグラフィックスで同じ値を入れれば再現できます。

## Q. 1つ買えば会社の他のスタッフも使えますか？
A. 購入者本人と同一事業所内での利用は台数無制限です。別会社・外部スタッフに渡す場合は、その会社ごとにご購入ください。

## Q. 他のパックのテロップメーカーと同じですか？
A. アプリは共通で、入っているデザインがパックごとに違います。複数パックをお持ちの場合は、最新のパックに入っているテロップメーカーが全パック対応版です（designs.js に全デザインが入っています）。

## Q. 返品・返金はできますか？
A. デジタル商品の性質上、購入後の返品・返金はできません。ファイルが壊れている・足りない場合は再送しますので、BASE のメッセージからご連絡ください。

## Q. アップデートはありますか？
A. デザインの修正や追加があった場合は、購入者に BASE のメッセージで新しい ZIP をお送りします。追加料金はありません。

## Q. 特定の番組のテロップと同じものですか？
A. いいえ。特定の番組・局のロゴやデザインを複製したものではなく、ジャンルの「雰囲気」を再現した汎用デザインです。

## Q. 欲しいジャンルがありません
A. 毎日 1 パックずつ新ジャンルを追加しています。BASE のメッセージでリクエストをいただければ、制作の参考にします。

---
## BASE 説明文の末尾に貼る短縮版（コピペ用）

■ よくある質問
Q. どのソフトで使える？ → 画像を読み込めるソフトすべて（Premiere / CapCut / DaVinci / iMovie / Canva）。透過 PNG を置くだけ
Q. 文字は変えられる？ → 同梱のテロップメーカー（ブラウザで動く）で好きな文字に。台本を貼れば一括書き出し
Q. 商用利用・クレジット → 商用 OK・クレジット不要。素材そのものの再配布・転売のみ禁止
Q. 縦動画でも使える？ → 全デザインに 9:16 版を同梱
Q. 解凍できない・文字化け → 7-Zip など UTF-8 対応の解凍ソフトで。それでもダメならメッセージで再送します
© Chain-Movies Inc.","1980","10","9999","1","9","https://raw.githubusercontent.com/chain-movies/daihon-studio/main/factory/gallery/season-autumn-vol1/season-autumn-vol1_01_cover.jpg","https://raw.githubusercontent.com/chain-movies/daihon-studio/main/factory/gallery/season-autumn-vol1/season-autumn-vol1_02_designs.jpg","https://raw.githubusercontent.com/chain-movies/daihon-studio/main/factory/gallery/season-autumn-vol1/season-autumn-vol1_03_portrait.jpg","https://raw.githubusercontent.com/chain-movies/daihon-studio/main/factory/gallery/season-autumn-vol1/season-autumn-vol1_04_howto.jpg","https://raw.githubusercontent.com/chain-movies/daihon-studio/main/factory/gallery/season-autumn-vol1/season-autumn-vol1_05_contents.jpg","https://raw.githubusercontent.com/chain-movies/daihon-studio/main/factory/gallery/season-autumn-vol1/season-autumn-vol1_06_compare.jpg","https://raw.githubusercontent.com/chain-movies/daihon-studio/main/factory/gallery/season-autumn-vol1/season-autumn-vol1_07_faq.jpg"
"結婚式・イベント映像テロップ集｜20デザイン×色違い 64点 透過PNG＋テロップメーカー付き","結婚式・イベント映像テロップ集｜20デザイン×色違い 64点の透過PNG＋テロップメーカー付き

貼るだけでテレビ番組のような「あのテロップ」になる、オープニング・章タイトル・受付・エンディング・席次・メッセージ・進行・エンドロール・プロフィール・注釈・会場・イベント・日付 20デザインのセットです。
文字を変えたい人のために、ブラウザで動く「テロップメーカー」を同梱。台本を貼れば全行分を一括でPNG書き出しできます。

■ こんな人に
・YouTube / ショート動画のテロップに「テレビっぽさ」が欲しい
・Premiere Pro の文字装飾を毎回ゼロから作るのが面倒
・CapCut・DaVinci・iMovie でも使える素材が欲しい（画像を置くだけ）

■ 収録内容
・16:9（1920×1080）透過PNG 20デザイン × 色違い（計 64点）
・9:16（1080×1920）縦動画用 透過PNG（同数）
・文字なし「帯・ボックスのみ」PNG（自分のテキストを載せて使える）
・テロップメーカー（HTMLアプリ）: 好きな文字で同デザインを書き出し／台本一括書き出し
・RECIPE.txt: Premiere のエッセンシャルグラフィックスで再現するための設定値

■ 収録デザイン
01. 新郎新婦名＋日付・セリフ体（白×ゴールド・ゴールド×白・ネイビー（明るい映像用）・くすみピンク）
02. Happy Wedding・細線（白×ゴールド線・ゴールド・ネイビー（明るい映像用））
03. 章タイトル・Prologue（白×ゴールド・ゴールド・グレージュ（明るい映像用））
04. Opening・細帯（白×ネイビー・ネイビー×白・グレージュ・くすみピンク）
05. Welcome・大文字セリフ（ゴールド・白・ネイビー（明るい映像用））
06. Thank you・手書き風（白・ゴールド・くすみピンク・ネイビー（明るい映像用））
07. ご来場ありがとうございました・明朝（白×ゴールド・白×白・ネイビー（明るい映像用））
08. 席次・Table 1（白×ネイビー・ゴールド枠×グレージュ・ネイビー×ゴールド）
09. 両親への手紙・引用（白・白×ゴールド括弧・ネイビー（明るい映像用））
10. 乾杯・Cheers!（ゴールド・白・くすみピンク）
11. プログラム・番号タグ（白×ゴールドタグ・白×ネイビータグ・ネイビー（明るい映像用）・くすみピンクタグ）
12. エンドロール・名前＋役職（白・白×ゴールド・ネイビー（明るい映像用））
13. スタッフロール見出し・SPECIAL THANKS（ゴールド・白・ネイビー（明るい映像用））
14. プロフィール・年表（白×ゴールド点・白×ピンク点・ネイビー（明るい映像用））
15. 写真注釈・小さめ（ネイビー半透明・白半透明・グレージュ）
16. 会場名タグ・細ゴシック（ネイビー×白・グレージュ×ネイビー・ゴールド×白）
17. Congratulations・ゴールド（ゴールド・白・ネイビー（明るい映像用））
18. 周年記念・創立30周年（ゴールド×白・白×ゴールド・ネイビー×ゴールド（明るい映像用））
19. 表彰・感謝状（白×ゴールド枠・生成り×朱・ネイビー×ゴールド）
20. 日付スタンプ・角丸（白線・ゴールド線・ネイビー（明るい映像用））

■ 対応ソフト
Premiere Pro / After Effects / CapCut / DaVinci Resolve / Final Cut Pro / iMovie / Canva など、画像を読み込めるものすべて

■ ライセンス
商用利用OK・クレジット表記不要。
素材そのものの再配布・転売・二次配布、素材集としての再パッケージは禁止。
デジタル商品のため、購入後の返品・返金はできません。

■ 注意
特定の番組・局のロゴやデザインを複製したものではなく、ジャンルの「雰囲気」を再現した汎用デザインです。
テロップメーカーはフォント読み込みにインターネット接続が必要です。
ご購入後、ダウンロードできる ZIP（約 数十MB）を解凍してお使いください。

■ サポート
使い方のご質問は BASE のメッセージからどうぞ。

■ よくある質問」として短縮版（★印の5問）を入れる。長い版はサポートのメッセージ返信にコピペする。

## ★ Q. どの編集ソフトで使えますか？
A. 画像（PNG）を読み込めるソフトならすべて使えます。Premiere Pro / After Effects / CapCut / DaVinci Resolve / Final Cut Pro / iMovie / Canva で動作を確認しています。テロップは透過 PNG なので、映像の上に置くだけです。

## ★ Q. 文字は自分で変えられますか？
A. はい。同梱の「テロップメーカー」（HTML アプリ）をブラウザで開き、好きな文字を入れて同じデザインで PNG を書き出せます。台本を貼れば全行分を一括で書き出せます。文字なしの「帯のみ」PNG も入っているので、編集ソフトのテキストを上に乗せる使い方もできます。

## ★ Q. 商用利用はできますか？クレジットは必要ですか？
A. 商用利用 OK、クレジット表記は不要です。YouTube・広告・企業VP・結婚式映像・クライアント案件に使えます。禁止はテロップ素材そのものの再配布・転売・二次配布と、素材集として再パッケージすることだけです。

## ★ Q. 縦動画（ショート・リール）でも使えますか？
A. はい。全デザインに 9:16（1080×1920）版が入っています。16:9（1920×1080）版と同じファイル名で、`png/9x16/` フォルダにあります。

## ★ Q. ZIP を解凍したら文字化けしています／開けません
A. Windows の標準解凍で日本語ファイル名が化けることがあります。7-Zip など UTF-8 対応の解凍ソフトをお使いください。Mac では標準で開けます。それでも開けない場合は BASE のメッセージからご連絡ください。再送します。

## Q. テロップメーカーが真っ白／フォントが違う
A. テロップメーカーはフォントを Google Fonts から読み込むため、インターネット接続が必要です。オフラインだと代替フォントで表示されます。Chrome・Edge・Safari の最新版でお使いください。社内ネットワークで外部フォントがブロックされている場合は、PNG 素材をそのままお使いください。

## Q. Premiere で同じ見た目を自分で作りたい
A. 同梱の RECIPE.txt に、各デザインのフォント・サイズ・色・縁取り・影の設定値を載せています。エッセンシャルグラフィックスで同じ値を入れれば再現できます。

## Q. 1つ買えば会社の他のスタッフも使えますか？
A. 購入者本人と同一事業所内での利用は台数無制限です。別会社・外部スタッフに渡す場合は、その会社ごとにご購入ください。

## Q. 他のパックのテロップメーカーと同じですか？
A. アプリは共通で、入っているデザインがパックごとに違います。複数パックをお持ちの場合は、最新のパックに入っているテロップメーカーが全パック対応版です（designs.js に全デザインが入っています）。

## Q. 返品・返金はできますか？
A. デジタル商品の性質上、購入後の返品・返金はできません。ファイルが壊れている・足りない場合は再送しますので、BASE のメッセージからご連絡ください。

## Q. アップデートはありますか？
A. デザインの修正や追加があった場合は、購入者に BASE のメッセージで新しい ZIP をお送りします。追加料金はありません。

## Q. 特定の番組のテロップと同じものですか？
A. いいえ。特定の番組・局のロゴやデザインを複製したものではなく、ジャンルの「雰囲気」を再現した汎用デザインです。

## Q. 欲しいジャンルがありません
A. 毎日 1 パックずつ新ジャンルを追加しています。BASE のメッセージでリクエストをいただければ、制作の参考にします。

---
## BASE 説明文の末尾に貼る短縮版（コピペ用）

■ よくある質問
Q. どのソフトで使える？ → 画像を読み込めるソフトすべて（Premiere / CapCut / DaVinci / iMovie / Canva）。透過 PNG を置くだけ
Q. 文字は変えられる？ → 同梱のテロップメーカー（ブラウザで動く）で好きな文字に。台本を貼れば一括書き出し
Q. 商用利用・クレジット → 商用 OK・クレジット不要。素材そのものの再配布・転売のみ禁止
Q. 縦動画でも使える？ → 全デザインに 9:16 版を同梱
Q. 解凍できない・文字化け → 7-Zip など UTF-8 対応の解凍ソフトで。それでもダメならメッセージで再送します
© Chain-Movies Inc.","1980","10","9999","1","10","https://raw.githubusercontent.com/chain-movies/daihon-studio/main/factory/gallery/wedding-vol1/wedding-vol1_01_cover.jpg","https://raw.githubusercontent.com/chain-movies/daihon-studio/main/factory/gallery/wedding-vol1/wedding-vol1_02_designs.jpg","https://raw.githubusercontent.com/chain-movies/daihon-studio/main/factory/gallery/wedding-vol1/wedding-vol1_03_portrait.jpg","https://raw.githubusercontent.com/chain-movies/daihon-studio/main/factory/gallery/wedding-vol1/wedding-vol1_04_howto.jpg","https://raw.githubusercontent.com/chain-movies/daihon-studio/main/factory/gallery/wedding-vol1/wedding-vol1_05_contents.jpg","https://raw.githubusercontent.com/chain-movies/daihon-studio/main/factory/gallery/wedding-vol1/wedding-vol1_06_compare.jpg","https://raw.githubusercontent.com/chain-movies/daihon-studio/main/factory/gallery/wedding-vol1/wedding-vol1_07_faq.jpg"
"配信・ゲーム実況テロップ集｜20デザイン×色違い 63点 透過PNG＋テロップメーカー付き","配信・ゲーム実況テロップ集｜20デザイン×色違い 63点の透過PNG＋テロップメーカー付き

貼るだけでテレビ番組のような「あのテロップ」になる、配信中・呼びかけ・進行・リアクション・ステータス・企画・告知・情報・注意・CTA・エンディング 20デザインのセットです。
文字を変えたい人のために、ブラウザで動く「テロップメーカー」を同梱。台本を貼れば全行分を一括でPNG書き出しできます。

■ こんな人に
・YouTube / ショート動画のテロップに「テレビっぽさ」が欲しい
・Premiere Pro の文字装飾を毎回ゼロから作るのが面倒
・CapCut・DaVinci・iMovie でも使える素材が欲しい（画像を置くだけ）

■ 収録内容
・16:9（1920×1080）透過PNG 20デザイン × 色違い（計 63点）
・9:16（1080×1920）縦動画用 透過PNG（同数）
・文字なし「帯・ボックスのみ」PNG（自分のテキストを載せて使える）
・テロップメーカー（HTMLアプリ）: 好きな文字で同デザインを書き出し／台本一括書き出し
・RECIPE.txt: Premiere のエッセンシャルグラフィックスで再現するための設定値

■ 収録デザイン
01. LIVE・赤ドット（黒×赤・赤ベタ・シアン）
02. 配信中・ネオン管（マゼンタ・シアン・ライム・パープル）
03. コメント募集中・吹き出し（シアン・ライム・マゼンタ）
04. 初見さん歓迎・ピル（ライム・シアン・イエロー）
05. 今日の目標・タグ＋帯（シアン・マゼンタ・ライム）
06. クリア！・バースト（ライム×シアン・イエロー×マゼンタ・白×パープル）
07. GAME OVER・ピクセル（レッド・ホワイト・シアン・ライム）
08. ランク表示・S/A/B（S（ゴールド）・A（シアン）・B（ライム）・C（グレー））
09. 視聴者参加型・斜め帯（パープル→マゼンタ・シアン→ブルー・ライム→グリーン）
10. 次回配信・日時（シアン・マゼンタ・ライム）
11. 休憩中・ガラス板（シアン・マゼンタ・パープル）
12. BGM表示・小ラベル（ライム・シアン・マゼンタ）
13. ネタバレ注意・警告帯（イエロー・マゼンタ・シアン）
14. チャンネル登録・高評価（マゼンタ→パープル・シアン→ブルー・レッド）
15. 切り抜きOK・スタンプ（ライム・シアン・ホワイト）
16. メンバー限定・ラベル（パープル・ゴールド・マゼンタ）
17. おつかれさま・丸文字ネオン（パープル・マゼンタ・シアン）
18. 質問コーナー・ピクセルタグ（シアン・ライム・マゼンタ）
19. 神プレー・ラメ文字（ライム→シアン・マゼンタ→パープル・イエロー→オレンジ）
20. 同時接続・数字強調（シアン・ライム・マゼンタ）

■ 対応ソフト
Premiere Pro / After Effects / CapCut / DaVinci Resolve / Final Cut Pro / iMovie / Canva など、画像を読み込めるものすべて

■ ライセンス
商用利用OK・クレジット表記不要。
素材そのものの再配布・転売・二次配布、素材集としての再パッケージは禁止。
デジタル商品のため、購入後の返品・返金はできません。

■ 注意
特定の番組・局のロゴやデザインを複製したものではなく、ジャンルの「雰囲気」を再現した汎用デザインです。
テロップメーカーはフォント読み込みにインターネット接続が必要です。
ご購入後、ダウンロードできる ZIP（約 数十MB）を解凍してお使いください。

■ サポート
使い方のご質問は BASE のメッセージからどうぞ。

■ よくある質問」として短縮版（★印の5問）を入れる。長い版はサポートのメッセージ返信にコピペする。

## ★ Q. どの編集ソフトで使えますか？
A. 画像（PNG）を読み込めるソフトならすべて使えます。Premiere Pro / After Effects / CapCut / DaVinci Resolve / Final Cut Pro / iMovie / Canva で動作を確認しています。テロップは透過 PNG なので、映像の上に置くだけです。

## ★ Q. 文字は自分で変えられますか？
A. はい。同梱の「テロップメーカー」（HTML アプリ）をブラウザで開き、好きな文字を入れて同じデザインで PNG を書き出せます。台本を貼れば全行分を一括で書き出せます。文字なしの「帯のみ」PNG も入っているので、編集ソフトのテキストを上に乗せる使い方もできます。

## ★ Q. 商用利用はできますか？クレジットは必要ですか？
A. 商用利用 OK、クレジット表記は不要です。YouTube・広告・企業VP・結婚式映像・クライアント案件に使えます。禁止はテロップ素材そのものの再配布・転売・二次配布と、素材集として再パッケージすることだけです。

## ★ Q. 縦動画（ショート・リール）でも使えますか？
A. はい。全デザインに 9:16（1080×1920）版が入っています。16:9（1920×1080）版と同じファイル名で、`png/9x16/` フォルダにあります。

## ★ Q. ZIP を解凍したら文字化けしています／開けません
A. Windows の標準解凍で日本語ファイル名が化けることがあります。7-Zip など UTF-8 対応の解凍ソフトをお使いください。Mac では標準で開けます。それでも開けない場合は BASE のメッセージからご連絡ください。再送します。

## Q. テロップメーカーが真っ白／フォントが違う
A. テロップメーカーはフォントを Google Fonts から読み込むため、インターネット接続が必要です。オフラインだと代替フォントで表示されます。Chrome・Edge・Safari の最新版でお使いください。社内ネットワークで外部フォントがブロックされている場合は、PNG 素材をそのままお使いください。

## Q. Premiere で同じ見た目を自分で作りたい
A. 同梱の RECIPE.txt に、各デザインのフォント・サイズ・色・縁取り・影の設定値を載せています。エッセンシャルグラフィックスで同じ値を入れれば再現できます。

## Q. 1つ買えば会社の他のスタッフも使えますか？
A. 購入者本人と同一事業所内での利用は台数無制限です。別会社・外部スタッフに渡す場合は、その会社ごとにご購入ください。

## Q. 他のパックのテロップメーカーと同じですか？
A. アプリは共通で、入っているデザインがパックごとに違います。複数パックをお持ちの場合は、最新のパックに入っているテロップメーカーが全パック対応版です（designs.js に全デザインが入っています）。

## Q. 返品・返金はできますか？
A. デジタル商品の性質上、購入後の返品・返金はできません。ファイルが壊れている・足りない場合は再送しますので、BASE のメッセージからご連絡ください。

## Q. アップデートはありますか？
A. デザインの修正や追加があった場合は、購入者に BASE のメッセージで新しい ZIP をお送りします。追加料金はありません。

## Q. 特定の番組のテロップと同じものですか？
A. いいえ。特定の番組・局のロゴやデザインを複製したものではなく、ジャンルの「雰囲気」を再現した汎用デザインです。

## Q. 欲しいジャンルがありません
A. 毎日 1 パックずつ新ジャンルを追加しています。BASE のメッセージでリクエストをいただければ、制作の参考にします。

---
## BASE 説明文の末尾に貼る短縮版（コピペ用）

■ よくある質問
Q. どのソフトで使える？ → 画像を読み込めるソフトすべて（Premiere / CapCut / DaVinci / iMovie / Canva）。透過 PNG を置くだけ
Q. 文字は変えられる？ → 同梱のテロップメーカー（ブラウザで動く）で好きな文字に。台本を貼れば一括書き出し
Q. 商用利用・クレジット → 商用 OK・クレジット不要。素材そのものの再配布・転売のみ禁止
Q. 縦動画でも使える？ → 全デザインに 9:16 版を同梱
Q. 解凍できない・文字化け → 7-Zip など UTF-8 対応の解凍ソフトで。それでもダメならメッセージで再送します
© Chain-Movies Inc.","1980","10","9999","1","11","https://raw.githubusercontent.com/chain-movies/daihon-studio/main/factory/gallery/stream-vol1/stream-vol1_01_cover.jpg","https://raw.githubusercontent.com/chain-movies/daihon-studio/main/factory/gallery/stream-vol1/stream-vol1_02_designs.jpg","https://raw.githubusercontent.com/chain-movies/daihon-studio/main/factory/gallery/stream-vol1/stream-vol1_03_portrait.jpg","https://raw.githubusercontent.com/chain-movies/daihon-studio/main/factory/gallery/stream-vol1/stream-vol1_04_howto.jpg","https://raw.githubusercontent.com/chain-movies/daihon-studio/main/factory/gallery/stream-vol1/stream-vol1_05_contents.jpg","https://raw.githubusercontent.com/chain-movies/daihon-studio/main/factory/gallery/stream-vol1/stream-vol1_06_compare.jpg","https://raw.githubusercontent.com/chain-movies/daihon-studio/main/factory/gallery/stream-vol1/stream-vol1_07_faq.jpg"
"不動産・物件紹介テロップ集｜20デザイン×色違い 62点 透過PNG＋テロップメーカー付き","不動産・物件紹介テロップ集｜20デザイン×色違い 62点の透過PNG＋テロップメーカー付き

貼るだけでテレビ番組のような「あのテロップ」になる、間取り・アクセス・物件情報・価格・おすすめ・CTA・部屋名・特徴・設備・章タイトル・注釈・物件名・スタンプ・コメント 20デザインのセットです。
文字を変えたい人のために、ブラウザで動く「テロップメーカー」を同梱。台本を貼れば全行分を一括でPNG書き出しできます。

■ こんな人に
・YouTube / ショート動画のテロップに「テレビっぽさ」が欲しい
・Premiere Pro の文字装飾を毎回ゼロから作るのが面倒
・CapCut・DaVinci・iMovie でも使える素材が欲しい（画像を置くだけ）

■ 収録内容
・16:9（1920×1080）透過PNG 20デザイン × 色違い（計 62点）
・9:16（1080×1920）縦動画用 透過PNG（同数）
・文字なし「帯・ボックスのみ」PNG（自分のテキストを載せて使える）
・テロップメーカー（HTMLアプリ）: 好きな文字で同デザインを書き出し／台本一括書き出し
・RECIPE.txt: Premiere のエッセンシャルグラフィックスで再現するための設定値

■ 収録デザイン
01. 間取り・大文字＋面積（ネイビー×ベージュ・グリーン×白・白×ネイビー）
02. 駅徒歩・ピル（グリーン・ネイビー・ベージュ・レッド）
03. 築年数・タグ付き（ネイビー×白・グリーン×白・ネイビー×ベージュ）
04. 家賃・大きな数字（レッド・ネイビー・グリーン）
05. 販売価格・下部帯（ネイビー×ベージュ・グリーン×白・白×レッド）
06. おすすめポイント・タグ＋本文（レッド・グリーン・ネイビー）
07. 内見予約・ピル（レッド・グリーン・ネイビー）
08. 部屋名ラベル・角丸（ネイビー半透明・白半透明・グリーン）
09. 南向き・角部屋 ピル（ベージュ・白・ネイビー）
10. 設備・チェック（グリーン・ネイビー・レッド）
11. 周辺環境・章タイトル（白×グリーン線・白×ベージュ線・ネイビー（明るい映像用））
12. 周辺施設・点付き（ネイビー×グリーン点・ネイビー×ベージュ点・白×ネイビー点）
13. リフォーム済み・斜め帯（グリーン・レッド・ネイビー）
14. 諸費用・小ラベル（白・ネイビー・ベージュ）
15. 写真注釈・右下（黒半透明・白半透明・ネイビー）
16. 物件名・下部帯（ネイビー×グリーン・グリーン×ベージュ・白×ネイビー）
17. 新着・値下げ スタンプ（NEW（レッド）・値下げ（SALE）・おすすめ（PICK UP）・成約済（SOLD））
18. 担当者コメント・吹き出し（白×グリーン・白×ネイビー・ベージュ×レッド）
19. お問い合わせ・電話（ネイビー・グリーン・レッド）
20. 初期費用・0円強調（レッド×白×ネイビー・グリーン×白×ネイビー・ネイビー×白×ベージュ）

■ 対応ソフト
Premiere Pro / After Effects / CapCut / DaVinci Resolve / Final Cut Pro / iMovie / Canva など、画像を読み込めるものすべて

■ ライセンス
商用利用OK・クレジット表記不要。
素材そのものの再配布・転売・二次配布、素材集としての再パッケージは禁止。
デジタル商品のため、購入後の返品・返金はできません。

■ 注意
特定の番組・局のロゴやデザインを複製したものではなく、ジャンルの「雰囲気」を再現した汎用デザインです。
テロップメーカーはフォント読み込みにインターネット接続が必要です。
ご購入後、ダウンロードできる ZIP（約 数十MB）を解凍してお使いください。

■ サポート
使い方のご質問は BASE のメッセージからどうぞ。

■ よくある質問」として短縮版（★印の5問）を入れる。長い版はサポートのメッセージ返信にコピペする。

## ★ Q. どの編集ソフトで使えますか？
A. 画像（PNG）を読み込めるソフトならすべて使えます。Premiere Pro / After Effects / CapCut / DaVinci Resolve / Final Cut Pro / iMovie / Canva で動作を確認しています。テロップは透過 PNG なので、映像の上に置くだけです。

## ★ Q. 文字は自分で変えられますか？
A. はい。同梱の「テロップメーカー」（HTML アプリ）をブラウザで開き、好きな文字を入れて同じデザインで PNG を書き出せます。台本を貼れば全行分を一括で書き出せます。文字なしの「帯のみ」PNG も入っているので、編集ソフトのテキストを上に乗せる使い方もできます。

## ★ Q. 商用利用はできますか？クレジットは必要ですか？
A. 商用利用 OK、クレジット表記は不要です。YouTube・広告・企業VP・結婚式映像・クライアント案件に使えます。禁止はテロップ素材そのものの再配布・転売・二次配布と、素材集として再パッケージすることだけです。

## ★ Q. 縦動画（ショート・リール）でも使えますか？
A. はい。全デザインに 9:16（1080×1920）版が入っています。16:9（1920×1080）版と同じファイル名で、`png/9x16/` フォルダにあります。

## ★ Q. ZIP を解凍したら文字化けしています／開けません
A. Windows の標準解凍で日本語ファイル名が化けることがあります。7-Zip など UTF-8 対応の解凍ソフトをお使いください。Mac では標準で開けます。それでも開けない場合は BASE のメッセージからご連絡ください。再送します。

## Q. テロップメーカーが真っ白／フォントが違う
A. テロップメーカーはフォントを Google Fonts から読み込むため、インターネット接続が必要です。オフラインだと代替フォントで表示されます。Chrome・Edge・Safari の最新版でお使いください。社内ネットワークで外部フォントがブロックされている場合は、PNG 素材をそのままお使いください。

## Q. Premiere で同じ見た目を自分で作りたい
A. 同梱の RECIPE.txt に、各デザインのフォント・サイズ・色・縁取り・影の設定値を載せています。エッセンシャルグラフィックスで同じ値を入れれば再現できます。

## Q. 1つ買えば会社の他のスタッフも使えますか？
A. 購入者本人と同一事業所内での利用は台数無制限です。別会社・外部スタッフに渡す場合は、その会社ごとにご購入ください。

## Q. 他のパックのテロップメーカーと同じですか？
A. アプリは共通で、入っているデザインがパックごとに違います。複数パックをお持ちの場合は、最新のパックに入っているテロップメーカーが全パック対応版です（designs.js に全デザインが入っています）。

## Q. 返品・返金はできますか？
A. デジタル商品の性質上、購入後の返品・返金はできません。ファイルが壊れている・足りない場合は再送しますので、BASE のメッセージからご連絡ください。

## Q. アップデートはありますか？
A. デザインの修正や追加があった場合は、購入者に BASE のメッセージで新しい ZIP をお送りします。追加料金はありません。

## Q. 特定の番組のテロップと同じものですか？
A. いいえ。特定の番組・局のロゴやデザインを複製したものではなく、ジャンルの「雰囲気」を再現した汎用デザインです。

## Q. 欲しいジャンルがありません
A. 毎日 1 パックずつ新ジャンルを追加しています。BASE のメッセージでリクエストをいただければ、制作の参考にします。

---
## BASE 説明文の末尾に貼る短縮版（コピペ用）

■ よくある質問
Q. どのソフトで使える？ → 画像を読み込めるソフトすべて（Premiere / CapCut / DaVinci / iMovie / Canva）。透過 PNG を置くだけ
Q. 文字は変えられる？ → 同梱のテロップメーカー（ブラウザで動く）で好きな文字に。台本を貼れば一括書き出し
Q. 商用利用・クレジット → 商用 OK・クレジット不要。素材そのものの再配布・転売のみ禁止
Q. 縦動画でも使える？ → 全デザインに 9:16 版を同梱
Q. 解凍できない・文字化け → 7-Zip など UTF-8 対応の解凍ソフトで。それでもダメならメッセージで再送します
© Chain-Movies Inc.","1980","10","9999","1","12","https://raw.githubusercontent.com/chain-movies/daihon-studio/main/factory/gallery/realestate-vol1/realestate-vol1_01_cover.jpg","https://raw.githubusercontent.com/chain-movies/daihon-studio/main/factory/gallery/realestate-vol1/realestate-vol1_02_designs.jpg","https://raw.githubusercontent.com/chain-movies/daihon-studio/main/factory/gallery/realestate-vol1/realestate-vol1_03_portrait.jpg","https://raw.githubusercontent.com/chain-movies/daihon-studio/main/factory/gallery/realestate-vol1/realestate-vol1_04_howto.jpg","https://raw.githubusercontent.com/chain-movies/daihon-studio/main/factory/gallery/realestate-vol1/realestate-vol1_05_contents.jpg","https://raw.githubusercontent.com/chain-movies/daihon-studio/main/factory/gallery/realestate-vol1/realestate-vol1_06_compare.jpg","https://raw.githubusercontent.com/chain-movies/daihon-studio/main/factory/gallery/realestate-vol1/realestate-vol1_07_faq.jpg"
"美容・サロン・ファッション テロップ集｜20デザイン×色違い 67点 透過PNG＋テロップメーカー付き","美容・サロン・ファッション テロップ集｜20デザイン×色違い 67点の透過PNG＋テロップメーカー付き

貼るだけでテレビ番組のような「あのテロップ」になる、Before/After・章タイトル・手順・アイテム・情報・価格・キャンペーン・CTA・ポイント・Q&A・お客様の声・NG/OK・手書き・スタッフ・特徴 20デザインのセットです。
文字を変えたい人のために、ブラウザで動く「テロップメーカー」を同梱。台本を貼れば全行分を一括でPNG書き出しできます。

■ こんな人に
・YouTube / ショート動画のテロップに「テレビっぽさ」が欲しい
・Premiere Pro の文字装飾を毎回ゼロから作るのが面倒
・CapCut・DaVinci・iMovie でも使える素材が欲しい（画像を置くだけ）

■ 収録内容
・16:9（1920×1080）透過PNG 20デザイン × 色違い（計 67点）
・9:16（1080×1920）縦動画用 透過PNG（同数）
・文字なし「帯・ボックスのみ」PNG（自分のテキストを載せて使える）
・テロップメーカー（HTMLアプリ）: 好きな文字で同デザインを書き出し／台本一括書き出し
・RECIPE.txt: Premiere のエッセンシャルグラフィックスで再現するための設定値

■ 収録デザイン
01. Before／After・角ラベル（BEFORE（墨）・AFTER（くすみピンク）・AFTER（ゴールド）・BEFORE（グレージュ））
02. 本日のメニュー・細明朝（白×くすみピンク・白×ゴールド・墨（明るい映像用））
03. STEP 番号＋本文（STEP 1（くすみピンク）・STEP 2（セージ）・STEP 3（ゴールド）・STEP 4（グレージュ））
04. 使用アイテム・ラベル（セージ・くすみピンク・ゴールド）
05. 所要時間・ピル（ベージュ・くすみピンク・白・墨×白）
06. 価格・明朝（白×ゴールド・白×くすみピンク・墨×ゴールド）
07. 初回限定・リボン（くすみピンク・セージ・ゴールド・墨）
08. 予約はプロフィールから・細ピル（白×ゴールド線・くすみピンク・墨×白）
09. ポイント・ふせん（ベージュ×ピンク・白×セージ・ピンク×墨）
10. Q. 質問・明朝（Q（くすみピンク）・A（セージ）・Q（ゴールド）・A（墨・明るい映像用））
11. お客様の声・引用（白×くすみピンク・白×ゴールド・墨（明るい映像用））
12. 今日のコーデ・英字（白・くすみピンク・ベージュ・墨（明るい映像用））
13. カラー名・小ラベル（グレージュ・くすみピンク・セージ・墨×白）
14. NG／OK・丸ラベル（NG（くすみレッド）・OK（セージ）・OK（ゴールド））
15. セルフケアのコツ・手書き（白×くすみピンク線・白×ゴールド線・墨（明るい映像用））
16. 季節限定・細帯（墨×ゴールド・くすみピンク×白・セージ×白）
17. 営業時間・小ラベル（墨半透明・白半透明・ベージュ）
18. スタッフ紹介・横並び（白×くすみピンク・白×セージ・白×墨）
19. 保存して後で見る・細（ベージュ×ピンク・白×セージ・墨×ゴールド）
20. 肌にやさしい・ピル2連風（白×セージ線・白×ピンク線・セージ×白）

■ 対応ソフト
Premiere Pro / After Effects / CapCut / DaVinci Resolve / Final Cut Pro / iMovie / Canva など、画像を読み込めるものすべて

■ ライセンス
商用利用OK・クレジット表記不要。
素材そのものの再配布・転売・二次配布、素材集としての再パッケージは禁止。
デジタル商品のため、購入後の返品・返金はできません。

■ 注意
特定の番組・局のロゴやデザインを複製したものではなく、ジャンルの「雰囲気」を再現した汎用デザインです。
テロップメーカーはフォント読み込みにインターネット接続が必要です。
ご購入後、ダウンロードできる ZIP（約 数十MB）を解凍してお使いください。

■ サポート
使い方のご質問は BASE のメッセージからどうぞ。

■ よくある質問」として短縮版（★印の5問）を入れる。長い版はサポートのメッセージ返信にコピペする。

## ★ Q. どの編集ソフトで使えますか？
A. 画像（PNG）を読み込めるソフトならすべて使えます。Premiere Pro / After Effects / CapCut / DaVinci Resolve / Final Cut Pro / iMovie / Canva で動作を確認しています。テロップは透過 PNG なので、映像の上に置くだけです。

## ★ Q. 文字は自分で変えられますか？
A. はい。同梱の「テロップメーカー」（HTML アプリ）をブラウザで開き、好きな文字を入れて同じデザインで PNG を書き出せます。台本を貼れば全行分を一括で書き出せます。文字なしの「帯のみ」PNG も入っているので、編集ソフトのテキストを上に乗せる使い方もできます。

## ★ Q. 商用利用はできますか？クレジットは必要ですか？
A. 商用利用 OK、クレジット表記は不要です。YouTube・広告・企業VP・結婚式映像・クライアント案件に使えます。禁止はテロップ素材そのものの再配布・転売・二次配布と、素材集として再パッケージすることだけです。

## ★ Q. 縦動画（ショート・リール）でも使えますか？
A. はい。全デザインに 9:16（1080×1920）版が入っています。16:9（1920×1080）版と同じファイル名で、`png/9x16/` フォルダにあります。

## ★ Q. ZIP を解凍したら文字化けしています／開けません
A. Windows の標準解凍で日本語ファイル名が化けることがあります。7-Zip など UTF-8 対応の解凍ソフトをお使いください。Mac では標準で開けます。それでも開けない場合は BASE のメッセージからご連絡ください。再送します。

## Q. テロップメーカーが真っ白／フォントが違う
A. テロップメーカーはフォントを Google Fonts から読み込むため、インターネット接続が必要です。オフラインだと代替フォントで表示されます。Chrome・Edge・Safari の最新版でお使いください。社内ネットワークで外部フォントがブロックされている場合は、PNG 素材をそのままお使いください。

## Q. Premiere で同じ見た目を自分で作りたい
A. 同梱の RECIPE.txt に、各デザインのフォント・サイズ・色・縁取り・影の設定値を載せています。エッセンシャルグラフィックスで同じ値を入れれば再現できます。

## Q. 1つ買えば会社の他のスタッフも使えますか？
A. 購入者本人と同一事業所内での利用は台数無制限です。別会社・外部スタッフに渡す場合は、その会社ごとにご購入ください。

## Q. 他のパックのテロップメーカーと同じですか？
A. アプリは共通で、入っているデザインがパックごとに違います。複数パックをお持ちの場合は、最新のパックに入っているテロップメーカーが全パック対応版です（designs.js に全デザインが入っています）。

## Q. 返品・返金はできますか？
A. デジタル商品の性質上、購入後の返品・返金はできません。ファイルが壊れている・足りない場合は再送しますので、BASE のメッセージからご連絡ください。

## Q. アップデートはありますか？
A. デザインの修正や追加があった場合は、購入者に BASE のメッセージで新しい ZIP をお送りします。追加料金はありません。

## Q. 特定の番組のテロップと同じものですか？
A. いいえ。特定の番組・局のロゴやデザインを複製したものではなく、ジャンルの「雰囲気」を再現した汎用デザインです。

## Q. 欲しいジャンルがありません
A. 毎日 1 パックずつ新ジャンルを追加しています。BASE のメッセージでリクエストをいただければ、制作の参考にします。

---
## BASE 説明文の末尾に貼る短縮版（コピペ用）

■ よくある質問
Q. どのソフトで使える？ → 画像を読み込めるソフトすべて（Premiere / CapCut / DaVinci / iMovie / Canva）。透過 PNG を置くだけ
Q. 文字は変えられる？ → 同梱のテロップメーカー（ブラウザで動く）で好きな文字に。台本を貼れば一括書き出し
Q. 商用利用・クレジット → 商用 OK・クレジット不要。素材そのものの再配布・転売のみ禁止
Q. 縦動画でも使える？ → 全デザインに 9:16 版を同梱
Q. 解凍できない・文字化け → 7-Zip など UTF-8 対応の解凍ソフトで。それでもダメならメッセージで再送します
© Chain-Movies Inc.","1980","10","9999","1","13","https://raw.githubusercontent.com/chain-movies/daihon-studio/main/factory/gallery/beauty-vol1/beauty-vol1_01_cover.jpg","https://raw.githubusercontent.com/chain-movies/daihon-studio/main/factory/gallery/beauty-vol1/beauty-vol1_02_designs.jpg","https://raw.githubusercontent.com/chain-movies/daihon-studio/main/factory/gallery/beauty-vol1/beauty-vol1_03_portrait.jpg","https://raw.githubusercontent.com/chain-movies/daihon-studio/main/factory/gallery/beauty-vol1/beauty-vol1_04_howto.jpg","https://raw.githubusercontent.com/chain-movies/daihon-studio/main/factory/gallery/beauty-vol1/beauty-vol1_05_contents.jpg","https://raw.githubusercontent.com/chain-movies/daihon-studio/main/factory/gallery/beauty-vol1/beauty-vol1_06_compare.jpg","https://raw.githubusercontent.com/chain-movies/daihon-studio/main/factory/gallery/beauty-vol1/beauty-vol1_07_faq.jpg"
"採用・会社紹介動画テロップ集｜20デザイン×色違い 72点 透過PNG＋テロップメーカー付き","採用・会社紹介動画テロップ集｜20デザイン×色違い 72点の透過PNG＋テロップメーカー付き

貼るだけでテレビ番組のような「あのテロップ」になる、名前・インタビュー・数字・1日の流れ・福利厚生・募集・CTA・メッセージ・オフィス・章タイトル・キャリア・価値観・条件・選考・社風 20デザインのセットです。
文字を変えたい人のために、ブラウザで動く「テロップメーカー」を同梱。台本を貼れば全行分を一括でPNG書き出しできます。

■ こんな人に
・YouTube / ショート動画のテロップに「テレビっぽさ」が欲しい
・Premiere Pro の文字装飾を毎回ゼロから作るのが面倒
・CapCut・DaVinci・iMovie でも使える素材が欲しい（画像を置くだけ）

■ 収録内容
・16:9（1920×1080）透過PNG 20デザイン × 色違い（計 72点）
・9:16（1080×1920）縦動画用 透過PNG（同数）
・文字なし「帯・ボックスのみ」PNG（自分のテキストを載せて使える）
・テロップメーカー（HTMLアプリ）: 好きな文字で同デザインを書き出し／台本一括書き出し
・RECIPE.txt: Premiere のエッセンシャルグラフィックスで再現するための設定値

■ 収録デザイン
01. 社員名＋部署＋入社年（ティール・コーラル・イエロー・ネイビー）
02. Q. 質問テロップ（Q（コーラル）・A（ティール）・Q（ネイビー）・A（イエロー））
03. 数字で見る会社・年齢（イエロー・ティール・コーラル・ネイビー（明るい映像用））
04. 数字で見る会社・割合（ティール・コーラル・イエロー）
05. 1日の流れ・時刻タグ（イエロー・ティール・コーラル・白×ネイビー）
06. 福利厚生タグ・ピル（イエロー・ティール・コーラル・白）
07. 募集職種・斜め帯（コーラル・ティール・ネイビー・イエロー）
08. エントリーはこちら・ピル（ティール・コーラル・イエロー・ネイビー）
09. 代表メッセージ・引用（白×イエロー・白×ティール・ネイビー×イエロー）
10. オフィス紹介ラベル（ティール・コーラル・ネイビー×白）
11. 先輩の一言・吹き出し（イエロー・白・ティール）
12. 章タイトル・太下線（イエロー・ティール・コーラル・ネイビー（明るい映像用））
13. キャリアパス・矢印（イエロー・ティール・白×コーラル）
14. 大切にしていること・番号（01（イエロー）・02（ティール）・03（コーラル）・01（ネイビー・明るい映像用））
15. 未経験歓迎・丸文字（白×コーラル・白×ティール・イエロー×ネイビー・ネイビー×白）
16. 勤務時間・休日 小ラベル（ネイビー・ティール・コーラル）
17. 勤務地・ピン付き（ネイビー×イエロー・ティール×白・白×コーラル）
18. 選考フロー・STEP（STEP 1（イエロー）・STEP 2（ティール）・STEP 3（コーラル）・STEP 4（白））
19. 社風キーワード・3連（ティール線・イエロー線・コーラル線・ネイビー（明るい映像用））
20. カジュアル面談・下部帯（ネイビー×イエロー・ティール×白・コーラル×白）

■ 対応ソフト
Premiere Pro / After Effects / CapCut / DaVinci Resolve / Final Cut Pro / iMovie / Canva など、画像を読み込めるものすべて

■ ライセンス
商用利用OK・クレジット表記不要。
素材そのものの再配布・転売・二次配布、素材集としての再パッケージは禁止。
デジタル商品のため、購入後の返品・返金はできません。

■ 注意
特定の番組・局のロゴやデザインを複製したものではなく、ジャンルの「雰囲気」を再現した汎用デザインです。
テロップメーカーはフォント読み込みにインターネット接続が必要です。
ご購入後、ダウンロードできる ZIP（約 数十MB）を解凍してお使いください。

■ サポート
使い方のご質問は BASE のメッセージからどうぞ。

■ よくある質問」として短縮版（★印の5問）を入れる。長い版はサポートのメッセージ返信にコピペする。

## ★ Q. どの編集ソフトで使えますか？
A. 画像（PNG）を読み込めるソフトならすべて使えます。Premiere Pro / After Effects / CapCut / DaVinci Resolve / Final Cut Pro / iMovie / Canva で動作を確認しています。テロップは透過 PNG なので、映像の上に置くだけです。

## ★ Q. 文字は自分で変えられますか？
A. はい。同梱の「テロップメーカー」（HTML アプリ）をブラウザで開き、好きな文字を入れて同じデザインで PNG を書き出せます。台本を貼れば全行分を一括で書き出せます。文字なしの「帯のみ」PNG も入っているので、編集ソフトのテキストを上に乗せる使い方もできます。

## ★ Q. 商用利用はできますか？クレジットは必要ですか？
A. 商用利用 OK、クレジット表記は不要です。YouTube・広告・企業VP・結婚式映像・クライアント案件に使えます。禁止はテロップ素材そのものの再配布・転売・二次配布と、素材集として再パッケージすることだけです。

## ★ Q. 縦動画（ショート・リール）でも使えますか？
A. はい。全デザインに 9:16（1080×1920）版が入っています。16:9（1920×1080）版と同じファイル名で、`png/9x16/` フォルダにあります。

## ★ Q. ZIP を解凍したら文字化けしています／開けません
A. Windows の標準解凍で日本語ファイル名が化けることがあります。7-Zip など UTF-8 対応の解凍ソフトをお使いください。Mac では標準で開けます。それでも開けない場合は BASE のメッセージからご連絡ください。再送します。

## Q. テロップメーカーが真っ白／フォントが違う
A. テロップメーカーはフォントを Google Fonts から読み込むため、インターネット接続が必要です。オフラインだと代替フォントで表示されます。Chrome・Edge・Safari の最新版でお使いください。社内ネットワークで外部フォントがブロックされている場合は、PNG 素材をそのままお使いください。

## Q. Premiere で同じ見た目を自分で作りたい
A. 同梱の RECIPE.txt に、各デザインのフォント・サイズ・色・縁取り・影の設定値を載せています。エッセンシャルグラフィックスで同じ値を入れれば再現できます。

## Q. 1つ買えば会社の他のスタッフも使えますか？
A. 購入者本人と同一事業所内での利用は台数無制限です。別会社・外部スタッフに渡す場合は、その会社ごとにご購入ください。

## Q. 他のパックのテロップメーカーと同じですか？
A. アプリは共通で、入っているデザインがパックごとに違います。複数パックをお持ちの場合は、最新のパックに入っているテロップメーカーが全パック対応版です（designs.js に全デザインが入っています）。

## Q. 返品・返金はできますか？
A. デジタル商品の性質上、購入後の返品・返金はできません。ファイルが壊れている・足りない場合は再送しますので、BASE のメッセージからご連絡ください。

## Q. アップデートはありますか？
A. デザインの修正や追加があった場合は、購入者に BASE のメッセージで新しい ZIP をお送りします。追加料金はありません。

## Q. 特定の番組のテロップと同じものですか？
A. いいえ。特定の番組・局のロゴやデザインを複製したものではなく、ジャンルの「雰囲気」を再現した汎用デザインです。

## Q. 欲しいジャンルがありません
A. 毎日 1 パックずつ新ジャンルを追加しています。BASE のメッセージでリクエストをいただければ、制作の参考にします。

---
## BASE 説明文の末尾に貼る短縮版（コピペ用）

■ よくある質問
Q. どのソフトで使える？ → 画像を読み込めるソフトすべて（Premiere / CapCut / DaVinci / iMovie / Canva）。透過 PNG を置くだけ
Q. 文字は変えられる？ → 同梱のテロップメーカー（ブラウザで動く）で好きな文字に。台本を貼れば一括書き出し
Q. 商用利用・クレジット → 商用 OK・クレジット不要。素材そのものの再配布・転売のみ禁止
Q. 縦動画でも使える？ → 全デザインに 9:16 版を同梱
Q. 解凍できない・文字化け → 7-Zip など UTF-8 対応の解凍ソフトで。それでもダメならメッセージで再送します
© Chain-Movies Inc.","1980","10","9999","1","14","https://raw.githubusercontent.com/chain-movies/daihon-studio/main/factory/gallery/recruit-vol1/recruit-vol1_01_cover.jpg","https://raw.githubusercontent.com/chain-movies/daihon-studio/main/factory/gallery/recruit-vol1/recruit-vol1_02_designs.jpg","https://raw.githubusercontent.com/chain-movies/daihon-studio/main/factory/gallery/recruit-vol1/recruit-vol1_03_portrait.jpg","https://raw.githubusercontent.com/chain-movies/daihon-studio/main/factory/gallery/recruit-vol1/recruit-vol1_04_howto.jpg","https://raw.githubusercontent.com/chain-movies/daihon-studio/main/factory/gallery/recruit-vol1/recruit-vol1_05_contents.jpg","https://raw.githubusercontent.com/chain-movies/daihon-studio/main/factory/gallery/recruit-vol1/recruit-vol1_06_compare.jpg","https://raw.githubusercontent.com/chain-movies/daihon-studio/main/factory/gallery/recruit-vol1/recruit-vol1_07_faq.jpg"
"フィットネス・健康 テロップ集｜20デザイン×色違い 63点 透過PNG＋テロップメーカー付き","フィットネス・健康 テロップ集｜20デザイン×色違い 63点の透過PNG＋テロップメーカー付き

貼るだけでテレビ番組のような「あのテロップ」になる、メニュー・カウント・Before/After・数字・ポイント・NG/OK・ラベル・章タイトル・記録・注意・コメント・エンディング 20デザインのセットです。
文字を変えたい人のために、ブラウザで動く「テロップメーカー」を同梱。台本を貼れば全行分を一括でPNG書き出しできます。

■ こんな人に
・YouTube / ショート動画のテロップに「テレビっぽさ」が欲しい
・Premiere Pro の文字装飾を毎回ゼロから作るのが面倒
・CapCut・DaVinci・iMovie でも使える素材が欲しい（画像を置くだけ）

■ 収録内容
・16:9（1920×1080）透過PNG 20デザイン × 色違い（計 63点）
・9:16（1080×1920）縦動画用 透過PNG（同数）
・文字なし「帯・ボックスのみ」PNG（自分のテキストを載せて使える）
・テロップメーカー（HTMLアプリ）: 好きな文字で同デザインを書き出し／台本一括書き出し
・RECIPE.txt: Premiere のエッセンシャルグラフィックスで再現するための設定値

■ 収録デザイン
01. 本日のメニュー・帯（ライム・オレンジ・ティール・白）
02. 30秒キープ・大数字（ライム・オレンジ・白）
03. レップ数 ×10（ライム・オレンジ・ティール）
04. 休憩・ピル（白×ティール・ティール×白・ライム×黒）
05. BEFORE／AFTER・角タグ（BEFORE（白）・AFTER（ライム）・AFTER（オレンジ）・BEFORE（グレー））
06. 消費カロリー・数字強調（オレンジ・ライム・ティール）
07. フォームのポイント・吹き出し（ライム・白・オレンジ）
08. NG例／OK例・角タグ（NG（赤）・OK（ライム）・OK（ティール））
09. 初心者OK・ピル（ライム・オレンジ・白・ティール）
10. 章タイトル・ストレッチ（ライム影・オレンジ影・ティール影）
11. 今日の記録・タグ＋数値（ライム・オレンジ・ティール）
12. 継続日数・スタンプ（オレンジ・ライム・白）
13. 水分補給・注意ラベル（ティール・オレンジ・黒）
14. トレーナーの一言・引用（ライム・オレンジ・白）
15. 今週のテーマ・斜め帯（ライム・オレンジ・ティール）
16. 体重の変化・マイナス強調（ライム・オレンジ・白）
17. レベル表示・タグ差し替え（★★☆（ライム）・★☆☆（ティール）・★★★（オレンジ））
18. 残り時間・下部帯（ライム・オレンジ・白×ティール）
19. 呼吸・手書き風（白×ティール・白×オレンジ・ライム×黒）
20. おつかれさま・バースト（ライム・オレンジ・白）

■ 対応ソフト
Premiere Pro / After Effects / CapCut / DaVinci Resolve / Final Cut Pro / iMovie / Canva など、画像を読み込めるものすべて

■ ライセンス
商用利用OK・クレジット表記不要。
素材そのものの再配布・転売・二次配布、素材集としての再パッケージは禁止。
デジタル商品のため、購入後の返品・返金はできません。

■ 注意
特定の番組・局のロゴやデザインを複製したものではなく、ジャンルの「雰囲気」を再現した汎用デザインです。
テロップメーカーはフォント読み込みにインターネット接続が必要です。
ご購入後、ダウンロードできる ZIP（約 数十MB）を解凍してお使いください。

■ サポート
使い方のご質問は BASE のメッセージからどうぞ。

■ よくある質問」として短縮版（★印の5問）を入れる。長い版はサポートのメッセージ返信にコピペする。

## ★ Q. どの編集ソフトで使えますか？
A. 画像（PNG）を読み込めるソフトならすべて使えます。Premiere Pro / After Effects / CapCut / DaVinci Resolve / Final Cut Pro / iMovie / Canva で動作を確認しています。テロップは透過 PNG なので、映像の上に置くだけです。

## ★ Q. 文字は自分で変えられますか？
A. はい。同梱の「テロップメーカー」（HTML アプリ）をブラウザで開き、好きな文字を入れて同じデザインで PNG を書き出せます。台本を貼れば全行分を一括で書き出せます。文字なしの「帯のみ」PNG も入っているので、編集ソフトのテキストを上に乗せる使い方もできます。

## ★ Q. 商用利用はできますか？クレジットは必要ですか？
A. 商用利用 OK、クレジット表記は不要です。YouTube・広告・企業VP・結婚式映像・クライアント案件に使えます。禁止はテロップ素材そのものの再配布・転売・二次配布と、素材集として再パッケージすることだけです。

## ★ Q. 縦動画（ショート・リール）でも使えますか？
A. はい。全デザインに 9:16（1080×1920）版が入っています。16:9（1920×1080）版と同じファイル名で、`png/9x16/` フォルダにあります。

## ★ Q. ZIP を解凍したら文字化けしています／開けません
A. Windows の標準解凍で日本語ファイル名が化けることがあります。7-Zip など UTF-8 対応の解凍ソフトをお使いください。Mac では標準で開けます。それでも開けない場合は BASE のメッセージからご連絡ください。再送します。

## Q. テロップメーカーが真っ白／フォントが違う
A. テロップメーカーはフォントを Google Fonts から読み込むため、インターネット接続が必要です。オフラインだと代替フォントで表示されます。Chrome・Edge・Safari の最新版でお使いください。社内ネットワークで外部フォントがブロックされている場合は、PNG 素材をそのままお使いください。

## Q. Premiere で同じ見た目を自分で作りたい
A. 同梱の RECIPE.txt に、各デザインのフォント・サイズ・色・縁取り・影の設定値を載せています。エッセンシャルグラフィックスで同じ値を入れれば再現できます。

## Q. 1つ買えば会社の他のスタッフも使えますか？
A. 購入者本人と同一事業所内での利用は台数無制限です。別会社・外部スタッフに渡す場合は、その会社ごとにご購入ください。

## Q. 他のパックのテロップメーカーと同じですか？
A. アプリは共通で、入っているデザインがパックごとに違います。複数パックをお持ちの場合は、最新のパックに入っているテロップメーカーが全パック対応版です（designs.js に全デザインが入っています）。

## Q. 返品・返金はできますか？
A. デジタル商品の性質上、購入後の返品・返金はできません。ファイルが壊れている・足りない場合は再送しますので、BASE のメッセージからご連絡ください。

## Q. アップデートはありますか？
A. デザインの修正や追加があった場合は、購入者に BASE のメッセージで新しい ZIP をお送りします。追加料金はありません。

## Q. 特定の番組のテロップと同じものですか？
A. いいえ。特定の番組・局のロゴやデザインを複製したものではなく、ジャンルの「雰囲気」を再現した汎用デザインです。

## Q. 欲しいジャンルがありません
A. 毎日 1 パックずつ新ジャンルを追加しています。BASE のメッセージでリクエストをいただければ、制作の参考にします。

---
## BASE 説明文の末尾に貼る短縮版（コピペ用）

■ よくある質問
Q. どのソフトで使える？ → 画像を読み込めるソフトすべて（Premiere / CapCut / DaVinci / iMovie / Canva）。透過 PNG を置くだけ
Q. 文字は変えられる？ → 同梱のテロップメーカー（ブラウザで動く）で好きな文字に。台本を貼れば一括書き出し
Q. 商用利用・クレジット → 商用 OK・クレジット不要。素材そのものの再配布・転売のみ禁止
Q. 縦動画でも使える？ → 全デザインに 9:16 版を同梱
Q. 解凍できない・文字化け → 7-Zip など UTF-8 対応の解凍ソフトで。それでもダメならメッセージで再送します
© Chain-Movies Inc.","1980","10","9999","1","15","https://raw.githubusercontent.com/chain-movies/daihon-studio/main/factory/gallery/fitness-vol1/fitness-vol1_01_cover.jpg","https://raw.githubusercontent.com/chain-movies/daihon-studio/main/factory/gallery/fitness-vol1/fitness-vol1_02_designs.jpg","https://raw.githubusercontent.com/chain-movies/daihon-studio/main/factory/gallery/fitness-vol1/fitness-vol1_03_portrait.jpg","https://raw.githubusercontent.com/chain-movies/daihon-studio/main/factory/gallery/fitness-vol1/fitness-vol1_04_howto.jpg","https://raw.githubusercontent.com/chain-movies/daihon-studio/main/factory/gallery/fitness-vol1/fitness-vol1_05_contents.jpg","https://raw.githubusercontent.com/chain-movies/daihon-studio/main/factory/gallery/fitness-vol1/fitness-vol1_06_compare.jpg","https://raw.githubusercontent.com/chain-movies/daihon-studio/main/factory/gallery/fitness-vol1/fitness-vol1_07_faq.jpg"
"学校・塾・オンライン講座 テロップ集｜20デザイン×色違い 61点 透過PNG＋テロップメーカー付き","学校・塾・オンライン講座 テロップ集｜20デザイン×色違い 61点の透過PNG＋テロップメーカー付き

貼るだけでテレビ番組のような「あのテロップ」になる、章タイトル・強調・公式・例題・ポイント・ふせん・スタンプ・ラベル・ノート・黒板・コメント・まとめ・告知・CTA・時間・用語・リアクション・エンディング 20デザインのセットです。
文字を変えたい人のために、ブラウザで動く「テロップメーカー」を同梱。台本を貼れば全行分を一括でPNG書き出しできます。

■ こんな人に
・YouTube / ショート動画のテロップに「テレビっぽさ」が欲しい
・Premiere Pro の文字装飾を毎回ゼロから作るのが面倒
・CapCut・DaVinci・iMovie でも使える素材が欲しい（画像を置くだけ）

■ 収録内容
・16:9（1920×1080）透過PNG 20デザイン × 色違い（計 61点）
・9:16（1080×1920）縦動画用 透過PNG（同数）
・文字なし「帯・ボックスのみ」PNG（自分のテキストを載せて使える）
・テロップメーカー（HTMLアプリ）: 好きな文字で同デザインを書き出し／台本一括書き出し
・RECIPE.txt: Premiere のエッセンシャルグラフィックスで再現するための設定値

■ 収録デザイン
01. 今日の単元・黒板（黒板緑×木枠・黒板黒・ホワイトボード）
02. 重要・赤マーカー（赤マーカー（明るい映像用）・黄マーカー・白文字×赤（暗い映像用））
03. 公式・枠（青枠・赤枠・黒板緑）
04. 例題／解答・タグ（例題（青）・解答（赤）・解説（緑）・練習（黄））
05. ポイント①・番号（①（黄）・②（青）・③（赤））
06. 暗記・ふせん（黄ふせん・ピンクふせん・水色ふせん）
07. テストに出る・スタンプ（赤・青・黒板緑）
08. 宿題・ラベル（青・緑・白（明るい映像用））
09. ノート罫線風・本文（白×青罫・クリーム×茶罫・方眼風）
10. 黒板チョーク文字（白チョーク・黄チョーク・黒板黒×ピンク）
11. 復習／予習・ピル（緑・青・黄×黒）
12. 講師コメント・吹き出し（白×緑・黄×黒・白×青）
13. 本日のまとめ・帯（緑×白・青×白・黄×黒）
14. 次回予告（黄タグ・青タグ・緑タグ）
15. 質問はコメント欄へ（白×緑線・黄・青×白）
16. 残り時間・角丸（赤・青・黒）
17. レベル・基礎／標準／応用（基礎（緑）・標準（青）・応用（赤））
18. 用語・定義（青・緑・赤）
19. 正解・チョーク丸（赤丸・青（おしい）・黄（黒板用））
20. おつかれさまでした・黒板（黒板緑・黒板黒・ホワイトボード）

■ 対応ソフト
Premiere Pro / After Effects / CapCut / DaVinci Resolve / Final Cut Pro / iMovie / Canva など、画像を読み込めるものすべて

■ ライセンス
商用利用OK・クレジット表記不要。
素材そのものの再配布・転売・二次配布、素材集としての再パッケージは禁止。
デジタル商品のため、購入後の返品・返金はできません。

■ 注意
特定の番組・局のロゴやデザインを複製したものではなく、ジャンルの「雰囲気」を再現した汎用デザインです。
テロップメーカーはフォント読み込みにインターネット接続が必要です。
ご購入後、ダウンロードできる ZIP（約 数十MB）を解凍してお使いください。

■ サポート
使い方のご質問は BASE のメッセージからどうぞ。

■ よくある質問」として短縮版（★印の5問）を入れる。長い版はサポートのメッセージ返信にコピペする。

## ★ Q. どの編集ソフトで使えますか？
A. 画像（PNG）を読み込めるソフトならすべて使えます。Premiere Pro / After Effects / CapCut / DaVinci Resolve / Final Cut Pro / iMovie / Canva で動作を確認しています。テロップは透過 PNG なので、映像の上に置くだけです。

## ★ Q. 文字は自分で変えられますか？
A. はい。同梱の「テロップメーカー」（HTML アプリ）をブラウザで開き、好きな文字を入れて同じデザインで PNG を書き出せます。台本を貼れば全行分を一括で書き出せます。文字なしの「帯のみ」PNG も入っているので、編集ソフトのテキストを上に乗せる使い方もできます。

## ★ Q. 商用利用はできますか？クレジットは必要ですか？
A. 商用利用 OK、クレジット表記は不要です。YouTube・広告・企業VP・結婚式映像・クライアント案件に使えます。禁止はテロップ素材そのものの再配布・転売・二次配布と、素材集として再パッケージすることだけです。

## ★ Q. 縦動画（ショート・リール）でも使えますか？
A. はい。全デザインに 9:16（1080×1920）版が入っています。16:9（1920×1080）版と同じファイル名で、`png/9x16/` フォルダにあります。

## ★ Q. ZIP を解凍したら文字化けしています／開けません
A. Windows の標準解凍で日本語ファイル名が化けることがあります。7-Zip など UTF-8 対応の解凍ソフトをお使いください。Mac では標準で開けます。それでも開けない場合は BASE のメッセージからご連絡ください。再送します。

## Q. テロップメーカーが真っ白／フォントが違う
A. テロップメーカーはフォントを Google Fonts から読み込むため、インターネット接続が必要です。オフラインだと代替フォントで表示されます。Chrome・Edge・Safari の最新版でお使いください。社内ネットワークで外部フォントがブロックされている場合は、PNG 素材をそのままお使いください。

## Q. Premiere で同じ見た目を自分で作りたい
A. 同梱の RECIPE.txt に、各デザインのフォント・サイズ・色・縁取り・影の設定値を載せています。エッセンシャルグラフィックスで同じ値を入れれば再現できます。

## Q. 1つ買えば会社の他のスタッフも使えますか？
A. 購入者本人と同一事業所内での利用は台数無制限です。別会社・外部スタッフに渡す場合は、その会社ごとにご購入ください。

## Q. 他のパックのテロップメーカーと同じですか？
A. アプリは共通で、入っているデザインがパックごとに違います。複数パックをお持ちの場合は、最新のパックに入っているテロップメーカーが全パック対応版です（designs.js に全デザインが入っています）。

## Q. 返品・返金はできますか？
A. デジタル商品の性質上、購入後の返品・返金はできません。ファイルが壊れている・足りない場合は再送しますので、BASE のメッセージからご連絡ください。

## Q. アップデートはありますか？
A. デザインの修正や追加があった場合は、購入者に BASE のメッセージで新しい ZIP をお送りします。追加料金はありません。

## Q. 特定の番組のテロップと同じものですか？
A. いいえ。特定の番組・局のロゴやデザインを複製したものではなく、ジャンルの「雰囲気」を再現した汎用デザインです。

## Q. 欲しいジャンルがありません
A. 毎日 1 パックずつ新ジャンルを追加しています。BASE のメッセージでリクエストをいただければ、制作の参考にします。

---
## BASE 説明文の末尾に貼る短縮版（コピペ用）

■ よくある質問
Q. どのソフトで使える？ → 画像を読み込めるソフトすべて（Premiere / CapCut / DaVinci / iMovie / Canva）。透過 PNG を置くだけ
Q. 文字は変えられる？ → 同梱のテロップメーカー（ブラウザで動く）で好きな文字に。台本を貼れば一括書き出し
Q. 商用利用・クレジット → 商用 OK・クレジット不要。素材そのものの再配布・転売のみ禁止
Q. 縦動画でも使える？ → 全デザインに 9:16 版を同梱
Q. 解凍できない・文字化け → 7-Zip など UTF-8 対応の解凍ソフトで。それでもダメならメッセージで再送します
© Chain-Movies Inc.","1980","10","9999","1","16","https://raw.githubusercontent.com/chain-movies/daihon-studio/main/factory/gallery/school-vol1/school-vol1_01_cover.jpg","https://raw.githubusercontent.com/chain-movies/daihon-studio/main/factory/gallery/school-vol1/school-vol1_02_designs.jpg","https://raw.githubusercontent.com/chain-movies/daihon-studio/main/factory/gallery/school-vol1/school-vol1_03_portrait.jpg","https://raw.githubusercontent.com/chain-movies/daihon-studio/main/factory/gallery/school-vol1/school-vol1_04_howto.jpg","https://raw.githubusercontent.com/chain-movies/daihon-studio/main/factory/gallery/school-vol1/school-vol1_05_contents.jpg","https://raw.githubusercontent.com/chain-movies/daihon-studio/main/factory/gallery/school-vol1/school-vol1_06_compare.jpg","https://raw.githubusercontent.com/chain-movies/daihon-studio/main/factory/gallery/school-vol1/school-vol1_07_faq.jpg"
"料理レシピ動画 テロップ集｜20デザイン×色違い 62点 透過PNG＋テロップメーカー付き","料理レシピ動画 テロップ集｜20デザイン×色違い 62点の透過PNG＋テロップメーカー付き

貼るだけでテレビ番組のような「あのテロップ」になる、材料・手順・火加減・ポイント・リアクション・スタンプ・ラベル・章タイトル・コメント・情報・エンディング・注意・下部帯 20デザインのセットです。
文字を変えたい人のために、ブラウザで動く「テロップメーカー」を同梱。台本を貼れば全行分を一括でPNG書き出しできます。

■ こんな人に
・YouTube / ショート動画のテロップに「テレビっぽさ」が欲しい
・Premiere Pro の文字装飾を毎回ゼロから作るのが面倒
・CapCut・DaVinci・iMovie でも使える素材が欲しい（画像を置くだけ）

■ 収録内容
・16:9（1920×1080）透過PNG 20デザイン × 色違い（計 62点）
・9:16（1080×1920）縦動画用 透過PNG（同数）
・文字なし「帯・ボックスのみ」PNG（自分のテキストを載せて使える）
・テロップメーカー（HTMLアプリ）: 好きな文字で同デザインを書き出し／台本一括書き出し
・RECIPE.txt: Premiere のエッセンシャルグラフィックスで再現するための設定値

■ 収録デザイン
01. 材料（2人分）・見出し（ブラウン・トマト赤・葉っぱ緑・クリーム×ブラウン）
02. 材料行・分量タグ（ブラウン・トマト赤・葉っぱ緑）
03. 手順 STEP・丸文字（STEP 1（赤）・STEP 2（緑）・STEP 3（ブラウン）・STEP 4（オレンジ））
04. 中火で3分・タイマー（中火（赤）・弱火（オレンジ）・強火（濃赤））
05. 火加減ラベル・炎（弱火（黄）・中火（オレンジ）・強火（赤））
06. ポイント・ふせん（クリーム×緑・白×赤・クリーム×ブラウン）
07. 完成！・バースト（黄×赤・クリーム×緑・赤×白）
08. 保存版・スタンプ（赤・ブラウン・緑）
09. 時短10分・ピル（緑・オレンジ・クリーム×ブラウン）
10. 今日の献立・章タイトル（白×ブラウン・クリーム×赤・白×緑）
11. 調味料・ラベル（ブラウン・赤・緑）
12. アレンジ・吹き出し（オレンジ・緑・クリーム×ブラウン）
13. レンジ 600W・角丸（黒×黄線・赤・白×ブラウン）
14. 保存目安・小ラベル（青・緑・ブラウン）
15. カロリー・数字（緑・赤・ブラウン）
16. 盛り付けのコツ・手書き（白×黄線・クリーム×赤線・ブラウン（明るい映像用））
17. いただきます・丸文字（白×ブラウン・クリーム×赤・白×緑）
18. 人数・調理時間 ピル2連（クリーム×ブラウン・白×赤・緑×白）
19. 注意・やけど（赤×黄・黒×黄・オレンジ×白）
20. レシピ名・下部帯（ブラウン×クリーム・赤×白・緑×クリーム）

■ 対応ソフト
Premiere Pro / After Effects / CapCut / DaVinci Resolve / Final Cut Pro / iMovie / Canva など、画像を読み込めるものすべて

■ ライセンス
商用利用OK・クレジット表記不要。
素材そのものの再配布・転売・二次配布、素材集としての再パッケージは禁止。
デジタル商品のため、購入後の返品・返金はできません。

■ 注意
特定の番組・局のロゴやデザインを複製したものではなく、ジャンルの「雰囲気」を再現した汎用デザインです。
テロップメーカーはフォント読み込みにインターネット接続が必要です。
ご購入後、ダウンロードできる ZIP（約 数十MB）を解凍してお使いください。

■ サポート
使い方のご質問は BASE のメッセージからどうぞ。

■ よくある質問」として短縮版（★印の5問）を入れる。長い版はサポートのメッセージ返信にコピペする。

## ★ Q. どの編集ソフトで使えますか？
A. 画像（PNG）を読み込めるソフトならすべて使えます。Premiere Pro / After Effects / CapCut / DaVinci Resolve / Final Cut Pro / iMovie / Canva で動作を確認しています。テロップは透過 PNG なので、映像の上に置くだけです。

## ★ Q. 文字は自分で変えられますか？
A. はい。同梱の「テロップメーカー」（HTML アプリ）をブラウザで開き、好きな文字を入れて同じデザインで PNG を書き出せます。台本を貼れば全行分を一括で書き出せます。文字なしの「帯のみ」PNG も入っているので、編集ソフトのテキストを上に乗せる使い方もできます。

## ★ Q. 商用利用はできますか？クレジットは必要ですか？
A. 商用利用 OK、クレジット表記は不要です。YouTube・広告・企業VP・結婚式映像・クライアント案件に使えます。禁止はテロップ素材そのものの再配布・転売・二次配布と、素材集として再パッケージすることだけです。

## ★ Q. 縦動画（ショート・リール）でも使えますか？
A. はい。全デザインに 9:16（1080×1920）版が入っています。16:9（1920×1080）版と同じファイル名で、`png/9x16/` フォルダにあります。

## ★ Q. ZIP を解凍したら文字化けしています／開けません
A. Windows の標準解凍で日本語ファイル名が化けることがあります。7-Zip など UTF-8 対応の解凍ソフトをお使いください。Mac では標準で開けます。それでも開けない場合は BASE のメッセージからご連絡ください。再送します。

## Q. テロップメーカーが真っ白／フォントが違う
A. テロップメーカーはフォントを Google Fonts から読み込むため、インターネット接続が必要です。オフラインだと代替フォントで表示されます。Chrome・Edge・Safari の最新版でお使いください。社内ネットワークで外部フォントがブロックされている場合は、PNG 素材をそのままお使いください。

## Q. Premiere で同じ見た目を自分で作りたい
A. 同梱の RECIPE.txt に、各デザインのフォント・サイズ・色・縁取り・影の設定値を載せています。エッセンシャルグラフィックスで同じ値を入れれば再現できます。

## Q. 1つ買えば会社の他のスタッフも使えますか？
A. 購入者本人と同一事業所内での利用は台数無制限です。別会社・外部スタッフに渡す場合は、その会社ごとにご購入ください。

## Q. 他のパックのテロップメーカーと同じですか？
A. アプリは共通で、入っているデザインがパックごとに違います。複数パックをお持ちの場合は、最新のパックに入っているテロップメーカーが全パック対応版です（designs.js に全デザインが入っています）。

## Q. 返品・返金はできますか？
A. デジタル商品の性質上、購入後の返品・返金はできません。ファイルが壊れている・足りない場合は再送しますので、BASE のメッセージからご連絡ください。

## Q. アップデートはありますか？
A. デザインの修正や追加があった場合は、購入者に BASE のメッセージで新しい ZIP をお送りします。追加料金はありません。

## Q. 特定の番組のテロップと同じものですか？
A. いいえ。特定の番組・局のロゴやデザインを複製したものではなく、ジャンルの「雰囲気」を再現した汎用デザインです。

## Q. 欲しいジャンルがありません
A. 毎日 1 パックずつ新ジャンルを追加しています。BASE のメッセージでリクエストをいただければ、制作の参考にします。

---
## BASE 説明文の末尾に貼る短縮版（コピペ用）

■ よくある質問
Q. どのソフトで使える？ → 画像を読み込めるソフトすべて（Premiere / CapCut / DaVinci / iMovie / Canva）。透過 PNG を置くだけ
Q. 文字は変えられる？ → 同梱のテロップメーカー（ブラウザで動く）で好きな文字に。台本を貼れば一括書き出し
Q. 商用利用・クレジット → 商用 OK・クレジット不要。素材そのものの再配布・転売のみ禁止
Q. 縦動画でも使える？ → 全デザインに 9:16 版を同梱
Q. 解凍できない・文字化け → 7-Zip など UTF-8 対応の解凍ソフトで。それでもダメならメッセージで再送します
© Chain-Movies Inc.","1980","10","9999","1","17","https://raw.githubusercontent.com/chain-movies/daihon-studio/main/factory/gallery/cooking-vol1/cooking-vol1_01_cover.jpg","https://raw.githubusercontent.com/chain-movies/daihon-studio/main/factory/gallery/cooking-vol1/cooking-vol1_02_designs.jpg","https://raw.githubusercontent.com/chain-movies/daihon-studio/main/factory/gallery/cooking-vol1/cooking-vol1_03_portrait.jpg","https://raw.githubusercontent.com/chain-movies/daihon-studio/main/factory/gallery/cooking-vol1/cooking-vol1_04_howto.jpg","https://raw.githubusercontent.com/chain-movies/daihon-studio/main/factory/gallery/cooking-vol1/cooking-vol1_05_contents.jpg","https://raw.githubusercontent.com/chain-movies/daihon-studio/main/factory/gallery/cooking-vol1/cooking-vol1_06_compare.jpg","https://raw.githubusercontent.com/chain-movies/daihon-studio/main/factory/gallery/cooking-vol1/cooking-vol1_07_faq.jpg"
"ペット動画 テロップ集｜20デザイン×色違い 63点 透過PNG＋テロップメーカー付き","ペット動画 テロップ集｜20デザイン×色違い 63点の透過PNG＋テロップメーカー付き

貼るだけでテレビ番組のような「あのテロップ」になる、プロフィール・日常・日記・心の声・リアクション・ラベル・注意・数字・章タイトル・ふせん・NG/OK・CTA・キャプション・記録・コメント・下部帯・エンディング 20デザインのセットです。
文字を変えたい人のために、ブラウザで動く「テロップメーカー」を同梱。台本を貼れば全行分を一括でPNG書き出しできます。

■ こんな人に
・YouTube / ショート動画のテロップに「テレビっぽさ」が欲しい
・Premiere Pro の文字装飾を毎回ゼロから作るのが面倒
・CapCut・DaVinci・iMovie でも使える素材が欲しい（画像を置くだけ）

■ 収録内容
・16:9（1920×1080）透過PNG 20デザイン × 色違い（計 63点）
・9:16（1080×1920）縦動画用 透過PNG（同数）
・文字なし「帯・ボックスのみ」PNG（自分のテキストを載せて使える）
・テロップメーカー（HTMLアプリ）: 好きな文字で同デザインを書き出し／台本一括書き出し
・RECIPE.txt: Premiere のエッセンシャルグラフィックスで再現するための設定値

■ 収録デザイン
01. 名前・年齢・肉球タグ（クリーム×ピンク・クリーム×水色・白×ブラウン）
02. 今日のご飯・丸文字（白×ブラウン・ピンク×白・水色×白）
03. お散歩なう・ピル（草原グリーン・水色・ピンク・クリーム）
04. 日記風・日付＋一言（白×ブラウン・クリーム×ピンク・白×水色）
05. 心の声・もくもく吹き出し（白・クリーム・ピンク）
06. かわいい・ハート（ピンク・水色・イエロー）
07. 保護犬・保護猫 ラベル（クリーム×ブラウン・白×ピンク・白×水色）
08. おやつタイム・リボン（ピンク・水色・ブラウン・イエロー）
09. 診察日・注意ラベル（水色・ピンク・ブラウン）
10. 体重・数字（クリーム×ブラウン・白×ピンク・白×水色）
11. 初めての〇〇・章タイトル（白×ブラウン・クリーム×ピンク・白×水色）
12. 状態ラベル・寝てる／遊んでる（寝てる（水色）・遊んでる（イエロー）・ごはん中（ブラウン）・お昼寝（ピンク））
13. しつけメモ・ふせん（黄ふせん・ピンクふせん・水色ふせん）
14. NG行動／OK・丸ラベル（NG（赤）・OK（緑）・OK（水色））
15. フォローしてね・ピル（ピンク・水色・ブラウン）
16. 今日の1枚・キャプション（ブラウン半透明・白半透明・クリーム）
17. うちの子記念日・カウント（クリーム×ピンク・白×水色・ピンク×白）
18. 飼い主コメント・吹き出し（白×ブラウン・クリーム×ピンク・白×水色）
19. 名前・下部帯（クリーム×ピンク・白×水色・ブラウン×クリーム）
20. おやすみ・丸文字（白×ネイビー・クリーム×ブラウン・ピンク×白）

■ 対応ソフト
Premiere Pro / After Effects / CapCut / DaVinci Resolve / Final Cut Pro / iMovie / Canva など、画像を読み込めるものすべて

■ ライセンス
商用利用OK・クレジット表記不要。
素材そのものの再配布・転売・二次配布、素材集としての再パッケージは禁止。
デジタル商品のため、購入後の返品・返金はできません。

■ 注意
特定の番組・局のロゴやデザインを複製したものではなく、ジャンルの「雰囲気」を再現した汎用デザインです。
テロップメーカーはフォント読み込みにインターネット接続が必要です。
ご購入後、ダウンロードできる ZIP（約 数十MB）を解凍してお使いください。

■ サポート
使い方のご質問は BASE のメッセージからどうぞ。

■ よくある質問」として短縮版（★印の5問）を入れる。長い版はサポートのメッセージ返信にコピペする。

## ★ Q. どの編集ソフトで使えますか？
A. 画像（PNG）を読み込めるソフトならすべて使えます。Premiere Pro / After Effects / CapCut / DaVinci Resolve / Final Cut Pro / iMovie / Canva で動作を確認しています。テロップは透過 PNG なので、映像の上に置くだけです。

## ★ Q. 文字は自分で変えられますか？
A. はい。同梱の「テロップメーカー」（HTML アプリ）をブラウザで開き、好きな文字を入れて同じデザインで PNG を書き出せます。台本を貼れば全行分を一括で書き出せます。文字なしの「帯のみ」PNG も入っているので、編集ソフトのテキストを上に乗せる使い方もできます。

## ★ Q. 商用利用はできますか？クレジットは必要ですか？
A. 商用利用 OK、クレジット表記は不要です。YouTube・広告・企業VP・結婚式映像・クライアント案件に使えます。禁止はテロップ素材そのものの再配布・転売・二次配布と、素材集として再パッケージすることだけです。

## ★ Q. 縦動画（ショート・リール）でも使えますか？
A. はい。全デザインに 9:16（1080×1920）版が入っています。16:9（1920×1080）版と同じファイル名で、`png/9x16/` フォルダにあります。

## ★ Q. ZIP を解凍したら文字化けしています／開けません
A. Windows の標準解凍で日本語ファイル名が化けることがあります。7-Zip など UTF-8 対応の解凍ソフトをお使いください。Mac では標準で開けます。それでも開けない場合は BASE のメッセージからご連絡ください。再送します。

## Q. テロップメーカーが真っ白／フォントが違う
A. テロップメーカーはフォントを Google Fonts から読み込むため、インターネット接続が必要です。オフラインだと代替フォントで表示されます。Chrome・Edge・Safari の最新版でお使いください。社内ネットワークで外部フォントがブロックされている場合は、PNG 素材をそのままお使いください。

## Q. Premiere で同じ見た目を自分で作りたい
A. 同梱の RECIPE.txt に、各デザインのフォント・サイズ・色・縁取り・影の設定値を載せています。エッセンシャルグラフィックスで同じ値を入れれば再現できます。

## Q. 1つ買えば会社の他のスタッフも使えますか？
A. 購入者本人と同一事業所内での利用は台数無制限です。別会社・外部スタッフに渡す場合は、その会社ごとにご購入ください。

## Q. 他のパックのテロップメーカーと同じですか？
A. アプリは共通で、入っているデザインがパックごとに違います。複数パックをお持ちの場合は、最新のパックに入っているテロップメーカーが全パック対応版です（designs.js に全デザインが入っています）。

## Q. 返品・返金はできますか？
A. デジタル商品の性質上、購入後の返品・返金はできません。ファイルが壊れている・足りない場合は再送しますので、BASE のメッセージからご連絡ください。

## Q. アップデートはありますか？
A. デザインの修正や追加があった場合は、購入者に BASE のメッセージで新しい ZIP をお送りします。追加料金はありません。

## Q. 特定の番組のテロップと同じものですか？
A. いいえ。特定の番組・局のロゴやデザインを複製したものではなく、ジャンルの「雰囲気」を再現した汎用デザインです。

## Q. 欲しいジャンルがありません
A. 毎日 1 パックずつ新ジャンルを追加しています。BASE のメッセージでリクエストをいただければ、制作の参考にします。

---
## BASE 説明文の末尾に貼る短縮版（コピペ用）

■ よくある質問
Q. どのソフトで使える？ → 画像を読み込めるソフトすべて（Premiere / CapCut / DaVinci / iMovie / Canva）。透過 PNG を置くだけ
Q. 文字は変えられる？ → 同梱のテロップメーカー（ブラウザで動く）で好きな文字に。台本を貼れば一括書き出し
Q. 商用利用・クレジット → 商用 OK・クレジット不要。素材そのものの再配布・転売のみ禁止
Q. 縦動画でも使える？ → 全デザインに 9:16 版を同梱
Q. 解凍できない・文字化け → 7-Zip など UTF-8 対応の解凍ソフトで。それでもダメならメッセージで再送します
© Chain-Movies Inc.","1980","10","9999","1","18","https://raw.githubusercontent.com/chain-movies/daihon-studio/main/factory/gallery/pet-vol1/pet-vol1_01_cover.jpg","https://raw.githubusercontent.com/chain-movies/daihon-studio/main/factory/gallery/pet-vol1/pet-vol1_02_designs.jpg","https://raw.githubusercontent.com/chain-movies/daihon-studio/main/factory/gallery/pet-vol1/pet-vol1_03_portrait.jpg","https://raw.githubusercontent.com/chain-movies/daihon-studio/main/factory/gallery/pet-vol1/pet-vol1_04_howto.jpg","https://raw.githubusercontent.com/chain-movies/daihon-studio/main/factory/gallery/pet-vol1/pet-vol1_05_contents.jpg","https://raw.githubusercontent.com/chain-movies/daihon-studio/main/factory/gallery/pet-vol1/pet-vol1_06_compare.jpg","https://raw.githubusercontent.com/chain-movies/daihon-studio/main/factory/gallery/pet-vol1/pet-vol1_07_faq.jpg"
"音楽・ライブ映像 テロップ集｜20デザイン×色違い 63点 透過PNG＋テロップメーカー付き","音楽・ライブ映像 テロップ集｜20デザイン×色違い 63点の透過PNG＋テロップメーカー付き

貼るだけでテレビ番組のような「あのテロップ」になる、曲名・歌詞・会場・セットリスト・クレジット・ラベル・進行・演出・エンディング・注意・章タイトル・下部帯・メッセージ・告知 20デザインのセットです。
文字を変えたい人のために、ブラウザで動く「テロップメーカー」を同梱。台本を貼れば全行分を一括でPNG書き出しできます。

■ こんな人に
・YouTube / ショート動画のテロップに「テレビっぽさ」が欲しい
・Premiere Pro の文字装飾を毎回ゼロから作るのが面倒
・CapCut・DaVinci・iMovie でも使える素材が欲しい（画像を置くだけ）

■ 収録内容
・16:9（1920×1080）透過PNG 20デザイン × 色違い（計 63点）
・9:16（1080×1920）縦動画用 透過PNG（同数）
・文字なし「帯・ボックスのみ」PNG（自分のテキストを載せて使える）
・テロップメーカー（HTMLアプリ）: 好きな文字で同デザインを書き出し／台本一括書き出し
・RECIPE.txt: Premiere のエッセンシャルグラフィックスで再現するための設定値

■ 収録デザイン
01. 曲名＋アーティスト・セリフ（白×ゴールド・ゴールド×白・白×ワイン）
02. 歌詞テロップ・中央薄帯（白×黒帯・ゴールド×黒帯・白×ワイン帯・白×帯なし（影のみ））
03. LIVE at 会場・英字（白×ゴールド・ゴールド×白・スモーキーブルー）
04. セットリスト M1・番号（M1（ゴールド）・M2（ワイン）・M3（スモーキーブルー）・EN（アンコール・白））
05. 演奏クレジット・楽器＋名前（Guitar（ゴールド）・Vocal（白）・Drums（ワイン）・Bass（ブルー））
06. Now Playing・ピル（黒×ゴールド線・ワイン・白×黒）
07. アンコール・大文字（ゴールド・白・ワイン）
08. MC・小ラベル（白・ゴールド・黒×白）
09. 作詞・作曲クレジット（白・ゴールド・白×黒帯）
10. カウント 1, 2, 3, 4（白・ゴールド・ワイン）
11. サビ・マーカー（ゴールド・ワイン×白・白×黒）
12. Thank you for coming（白×ゴールド線・ゴールド・ワイン（明るい映像用））
13. 次の曲・細帯（黒×ゴールド・ワイン・ブルー）
14. 音量注意・小ラベル（黒半透明・白半透明・ワイン）
15. Special Thanks・見出し（ゴールド×白・白×白・ワイン（明るい映像用））
16. 日付・時刻スタンプ（白線・ゴールド線・ワイン塗り）
17. 章タイトル・Act（白×ゴールド・ゴールド×白・ブルー×白）
18. バンド名・下部帯（黒×ゴールド・ワイン×白・ブルー×白）
19. MC の一言・引用（白×ゴールド・白×白・ゴールド）
20. グッズ・物販 告知（白×ゴールド・白×ワイン・ゴールド×黒）

■ 対応ソフト
Premiere Pro / After Effects / CapCut / DaVinci Resolve / Final Cut Pro / iMovie / Canva など、画像を読み込めるものすべて

■ ライセンス
商用利用OK・クレジット表記不要。
素材そのものの再配布・転売・二次配布、素材集としての再パッケージは禁止。
デジタル商品のため、購入後の返品・返金はできません。

■ 注意
特定の番組・局のロゴやデザインを複製したものではなく、ジャンルの「雰囲気」を再現した汎用デザインです。
テロップメーカーはフォント読み込みにインターネット接続が必要です。
ご購入後、ダウンロードできる ZIP（約 数十MB）を解凍してお使いください。

■ サポート
使い方のご質問は BASE のメッセージからどうぞ。

■ よくある質問」として短縮版（★印の5問）を入れる。長い版はサポートのメッセージ返信にコピペする。

## ★ Q. どの編集ソフトで使えますか？
A. 画像（PNG）を読み込めるソフトならすべて使えます。Premiere Pro / After Effects / CapCut / DaVinci Resolve / Final Cut Pro / iMovie / Canva で動作を確認しています。テロップは透過 PNG なので、映像の上に置くだけです。

## ★ Q. 文字は自分で変えられますか？
A. はい。同梱の「テロップメーカー」（HTML アプリ）をブラウザで開き、好きな文字を入れて同じデザインで PNG を書き出せます。台本を貼れば全行分を一括で書き出せます。文字なしの「帯のみ」PNG も入っているので、編集ソフトのテキストを上に乗せる使い方もできます。

## ★ Q. 商用利用はできますか？クレジットは必要ですか？
A. 商用利用 OK、クレジット表記は不要です。YouTube・広告・企業VP・結婚式映像・クライアント案件に使えます。禁止はテロップ素材そのものの再配布・転売・二次配布と、素材集として再パッケージすることだけです。

## ★ Q. 縦動画（ショート・リール）でも使えますか？
A. はい。全デザインに 9:16（1080×1920）版が入っています。16:9（1920×1080）版と同じファイル名で、`png/9x16/` フォルダにあります。

## ★ Q. ZIP を解凍したら文字化けしています／開けません
A. Windows の標準解凍で日本語ファイル名が化けることがあります。7-Zip など UTF-8 対応の解凍ソフトをお使いください。Mac では標準で開けます。それでも開けない場合は BASE のメッセージからご連絡ください。再送します。

## Q. テロップメーカーが真っ白／フォントが違う
A. テロップメーカーはフォントを Google Fonts から読み込むため、インターネット接続が必要です。オフラインだと代替フォントで表示されます。Chrome・Edge・Safari の最新版でお使いください。社内ネットワークで外部フォントがブロックされている場合は、PNG 素材をそのままお使いください。

## Q. Premiere で同じ見た目を自分で作りたい
A. 同梱の RECIPE.txt に、各デザインのフォント・サイズ・色・縁取り・影の設定値を載せています。エッセンシャルグラフィックスで同じ値を入れれば再現できます。

## Q. 1つ買えば会社の他のスタッフも使えますか？
A. 購入者本人と同一事業所内での利用は台数無制限です。別会社・外部スタッフに渡す場合は、その会社ごとにご購入ください。

## Q. 他のパックのテロップメーカーと同じですか？
A. アプリは共通で、入っているデザインがパックごとに違います。複数パックをお持ちの場合は、最新のパックに入っているテロップメーカーが全パック対応版です（designs.js に全デザインが入っています）。

## Q. 返品・返金はできますか？
A. デジタル商品の性質上、購入後の返品・返金はできません。ファイルが壊れている・足りない場合は再送しますので、BASE のメッセージからご連絡ください。

## Q. アップデートはありますか？
A. デザインの修正や追加があった場合は、購入者に BASE のメッセージで新しい ZIP をお送りします。追加料金はありません。

## Q. 特定の番組のテロップと同じものですか？
A. いいえ。特定の番組・局のロゴやデザインを複製したものではなく、ジャンルの「雰囲気」を再現した汎用デザインです。

## Q. 欲しいジャンルがありません
A. 毎日 1 パックずつ新ジャンルを追加しています。BASE のメッセージでリクエストをいただければ、制作の参考にします。

---
## BASE 説明文の末尾に貼る短縮版（コピペ用）

■ よくある質問
Q. どのソフトで使える？ → 画像を読み込めるソフトすべて（Premiere / CapCut / DaVinci / iMovie / Canva）。透過 PNG を置くだけ
Q. 文字は変えられる？ → 同梱のテロップメーカー（ブラウザで動く）で好きな文字に。台本を貼れば一括書き出し
Q. 商用利用・クレジット → 商用 OK・クレジット不要。素材そのものの再配布・転売のみ禁止
Q. 縦動画でも使える？ → 全デザインに 9:16 版を同梱
Q. 解凍できない・文字化け → 7-Zip など UTF-8 対応の解凍ソフトで。それでもダメならメッセージで再送します
© Chain-Movies Inc.","1980","10","9999","1","19","https://raw.githubusercontent.com/chain-movies/daihon-studio/main/factory/gallery/music-vol1/music-vol1_01_cover.jpg","https://raw.githubusercontent.com/chain-movies/daihon-studio/main/factory/gallery/music-vol1/music-vol1_02_designs.jpg","https://raw.githubusercontent.com/chain-movies/daihon-studio/main/factory/gallery/music-vol1/music-vol1_03_portrait.jpg","https://raw.githubusercontent.com/chain-movies/daihon-studio/main/factory/gallery/music-vol1/music-vol1_04_howto.jpg","https://raw.githubusercontent.com/chain-movies/daihon-studio/main/factory/gallery/music-vol1/music-vol1_05_contents.jpg","https://raw.githubusercontent.com/chain-movies/daihon-studio/main/factory/gallery/music-vol1/music-vol1_06_compare.jpg","https://raw.githubusercontent.com/chain-movies/daihon-studio/main/factory/gallery/music-vol1/music-vol1_07_faq.jpg"
"DIY・ハンドメイド テロップ集｜20デザイン×色違い 61点 透過PNG＋テロップメーカー付き","DIY・ハンドメイド テロップ集｜20デザイン×色違い 61点の透過PNG＋テロップメーカー付き

貼るだけでテレビ番組のような「あのテロップ」になる、材料・手順・注意・ポイント・Before/After・数字・ラベル・NG/OK・コメント・CTA・章タイトル・エンディング・下部帯 20デザインのセットです。
文字を変えたい人のために、ブラウザで動く「テロップメーカー」を同梱。台本を貼れば全行分を一括でPNG書き出しできます。

■ こんな人に
・YouTube / ショート動画のテロップに「テレビっぽさ」が欲しい
・Premiere Pro の文字装飾を毎回ゼロから作るのが面倒
・CapCut・DaVinci・iMovie でも使える素材が欲しい（画像を置くだけ）

■ 収録内容
・16:9（1920×1080）透過PNG 20デザイン × 色違い（計 61点）
・9:16（1080×1920）縦動画用 透過PNG（同数）
・文字なし「帯・ボックスのみ」PNG（自分のテキストを載せて使える）
・テロップメーカー（HTMLアプリ）: 好きな文字で同デザインを書き出し／台本一括書き出し
・RECIPE.txt: Premiere のエッセンシャルグラフィックスで再現するための設定値

■ 収録デザイン
01. 材料と道具・見出し（ブラウン×オレンジ・クラフト紙×ブラウン・ボード緑×白）
02. 寸法タグ・材料行（オレンジ・ブラウン・ボード緑）
03. STEP 1 採寸・番号（STEP 1（ブラウン）・STEP 2（オレンジ）・STEP 3（緑）・STEP 4（黒））
04. ケガに注意・警告帯（黄×黒・オレンジ×黒・赤×白）
05. 乾燥 24時間・タイマー（ブラウン・オレンジ・緑）
06. ここがコツ・ふせん（黄×オレンジ・クラフト紙×ブラウン・白×緑）
07. BEFORE／AFTER・工具風タグ（BEFORE（クラフト紙）・AFTER（オレンジ）・AFTER（緑））
08. 完成サイズ・数字（ブラウン・オレンジ・緑）
09. かかった費用・¥（オレンジ・クラフト紙・緑）
10. 所要時間・ピル（クラフト紙・白×オレンジ・緑×白）
11. 使用した工具・ラベル（黒×オレンジ・ブラウン×クラフト紙・白×緑）
12. 失敗例／成功例・タグ（失敗例（赤）・成功例（緑）・よくあるミス（オレンジ））
13. アレンジ案・吹き出し（白×ブラウン・クラフト紙×オレンジ・白×緑）
14. 作り方はこちら・ピル（オレンジ・ブラウン・緑）
15. 章タイトル・組み立て（白×ブラウン・塗装（白×オレンジ）・仕上げ（白×緑））
16. 塗装・色名ラベル（ウォールナット・ホワイト・グリーン）
17. 寸法メモ・手書き（白×ブラウン・黄×黒・白×オレンジ）
18. できあがり・バースト（黄×ブラウン・オレンジ×白・クラフト紙×緑）
19. 作品ナンバー・#（クラフト紙・黒×オレンジ・白×緑）
20. 作品名・下部帯（ブラウン×オレンジ・黒×黄・緑×白）

■ 対応ソフト
Premiere Pro / After Effects / CapCut / DaVinci Resolve / Final Cut Pro / iMovie / Canva など、画像を読み込めるものすべて

■ ライセンス
商用利用OK・クレジット表記不要。
素材そのものの再配布・転売・二次配布、素材集としての再パッケージは禁止。
デジタル商品のため、購入後の返品・返金はできません。

■ 注意
特定の番組・局のロゴやデザインを複製したものではなく、ジャンルの「雰囲気」を再現した汎用デザインです。
テロップメーカーはフォント読み込みにインターネット接続が必要です。
ご購入後、ダウンロードできる ZIP（約 数十MB）を解凍してお使いください。

■ サポート
使い方のご質問は BASE のメッセージからどうぞ。

■ よくある質問」として短縮版（★印の5問）を入れる。長い版はサポートのメッセージ返信にコピペする。

## ★ Q. どの編集ソフトで使えますか？
A. 画像（PNG）を読み込めるソフトならすべて使えます。Premiere Pro / After Effects / CapCut / DaVinci Resolve / Final Cut Pro / iMovie / Canva で動作を確認しています。テロップは透過 PNG なので、映像の上に置くだけです。

## ★ Q. 文字は自分で変えられますか？
A. はい。同梱の「テロップメーカー」（HTML アプリ）をブラウザで開き、好きな文字を入れて同じデザインで PNG を書き出せます。台本を貼れば全行分を一括で書き出せます。文字なしの「帯のみ」PNG も入っているので、編集ソフトのテキストを上に乗せる使い方もできます。

## ★ Q. 商用利用はできますか？クレジットは必要ですか？
A. 商用利用 OK、クレジット表記は不要です。YouTube・広告・企業VP・結婚式映像・クライアント案件に使えます。禁止はテロップ素材そのものの再配布・転売・二次配布と、素材集として再パッケージすることだけです。

## ★ Q. 縦動画（ショート・リール）でも使えますか？
A. はい。全デザインに 9:16（1080×1920）版が入っています。16:9（1920×1080）版と同じファイル名で、`png/9x16/` フォルダにあります。

## ★ Q. ZIP を解凍したら文字化けしています／開けません
A. Windows の標準解凍で日本語ファイル名が化けることがあります。7-Zip など UTF-8 対応の解凍ソフトをお使いください。Mac では標準で開けます。それでも開けない場合は BASE のメッセージからご連絡ください。再送します。

## Q. テロップメーカーが真っ白／フォントが違う
A. テロップメーカーはフォントを Google Fonts から読み込むため、インターネット接続が必要です。オフラインだと代替フォントで表示されます。Chrome・Edge・Safari の最新版でお使いください。社内ネットワークで外部フォントがブロックされている場合は、PNG 素材をそのままお使いください。

## Q. Premiere で同じ見た目を自分で作りたい
A. 同梱の RECIPE.txt に、各デザインのフォント・サイズ・色・縁取り・影の設定値を載せています。エッセンシャルグラフィックスで同じ値を入れれば再現できます。

## Q. 1つ買えば会社の他のスタッフも使えますか？
A. 購入者本人と同一事業所内での利用は台数無制限です。別会社・外部スタッフに渡す場合は、その会社ごとにご購入ください。

## Q. 他のパックのテロップメーカーと同じですか？
A. アプリは共通で、入っているデザインがパックごとに違います。複数パックをお持ちの場合は、最新のパックに入っているテロップメーカーが全パック対応版です（designs.js に全デザインが入っています）。

## Q. 返品・返金はできますか？
A. デジタル商品の性質上、購入後の返品・返金はできません。ファイルが壊れている・足りない場合は再送しますので、BASE のメッセージからご連絡ください。

## Q. アップデートはありますか？
A. デザインの修正や追加があった場合は、購入者に BASE のメッセージで新しい ZIP をお送りします。追加料金はありません。

## Q. 特定の番組のテロップと同じものですか？
A. いいえ。特定の番組・局のロゴやデザインを複製したものではなく、ジャンルの「雰囲気」を再現した汎用デザインです。

## Q. 欲しいジャンルがありません
A. 毎日 1 パックずつ新ジャンルを追加しています。BASE のメッセージでリクエストをいただければ、制作の参考にします。

---
## BASE 説明文の末尾に貼る短縮版（コピペ用）

■ よくある質問
Q. どのソフトで使える？ → 画像を読み込めるソフトすべて（Premiere / CapCut / DaVinci / iMovie / Canva）。透過 PNG を置くだけ
Q. 文字は変えられる？ → 同梱のテロップメーカー（ブラウザで動く）で好きな文字に。台本を貼れば一括書き出し
Q. 商用利用・クレジット → 商用 OK・クレジット不要。素材そのものの再配布・転売のみ禁止
Q. 縦動画でも使える？ → 全デザインに 9:16 版を同梱
Q. 解凍できない・文字化け → 7-Zip など UTF-8 対応の解凍ソフトで。それでもダメならメッセージで再送します
© Chain-Movies Inc.","1980","10","9999","1","20","https://raw.githubusercontent.com/chain-movies/daihon-studio/main/factory/gallery/diy-vol1/diy-vol1_01_cover.jpg","https://raw.githubusercontent.com/chain-movies/daihon-studio/main/factory/gallery/diy-vol1/diy-vol1_02_designs.jpg","https://raw.githubusercontent.com/chain-movies/daihon-studio/main/factory/gallery/diy-vol1/diy-vol1_03_portrait.jpg","https://raw.githubusercontent.com/chain-movies/daihon-studio/main/factory/gallery/diy-vol1/diy-vol1_04_howto.jpg","https://raw.githubusercontent.com/chain-movies/daihon-studio/main/factory/gallery/diy-vol1/diy-vol1_05_contents.jpg","https://raw.githubusercontent.com/chain-movies/daihon-studio/main/factory/gallery/diy-vol1/diy-vol1_06_compare.jpg","https://raw.githubusercontent.com/chain-movies/daihon-studio/main/factory/gallery/diy-vol1/diy-vol1_07_faq.jpg"
"旅行・ホテル紹介 テロップ集｜20デザイン×色違い 61点 透過PNG＋テロップメーカー付き","旅行・ホテル紹介 テロップ集｜20デザイン×色違い 61点の透過PNG＋テロップメーカー付き

貼るだけでテレビ番組のような「あのテロップ」になる、行程・時刻・宿・価格・ピン・ラベル・ふせん・注意・章タイトル・食事・オープニング・下部帯 20デザインのセットです。
文字を変えたい人のために、ブラウザで動く「テロップメーカー」を同梱。台本を貼れば全行分を一括でPNG書き出しできます。

■ こんな人に
・YouTube / ショート動画のテロップに「テレビっぽさ」が欲しい
・Premiere Pro の文字装飾を毎回ゼロから作るのが面倒
・CapCut・DaVinci・iMovie でも使える素材が欲しい（画像を置くだけ）

■ 収録内容
・16:9（1920×1080）透過PNG 20デザイン × 色違い（計 61点）
・9:16（1080×1920）縦動画用 透過PNG（同数）
・文字なし「帯・ボックスのみ」PNG（自分のテキストを載せて使える）
・テロップメーカー（HTMLアプリ）: 好きな文字で同デザインを書き出し／台本一括書き出し
・RECIPE.txt: Premiere のエッセンシャルグラフィックスで再現するための設定値

■ 収録デザイン
01. DAY 1・行程タグ（DAY 1（空色）・DAY 2（サンド）・DAY 3（白）・DAY 1（赤））
02. 移動・所要時間（白×空色・サンド×ネイビー・ネイビー×白）
03. チェックイン・時刻（ネイビー×白・空色×ネイビー・サンド）
04. 客室・タイプ＋広さ（白×サンド・白×空色・ネイビー（明るい映像用））
05. 宿泊料金・1泊2食（赤×ネイビー・ネイビー×空色・白×赤（暗い映像用））
06. 絶景ポイント・ピン（赤・空色・ネイビー）
07. 地図ラベル・アクセス（ネイビー・空色・サンド）
08. おすすめ度・星（★4・★5・★3）
09. 持ち物メモ・ふせん（サンド×ネイビー・白×空色・黄×ネイビー）
10. 注意・混雑（赤×白・ネイビー×黄・黒×白）
11. 旅のまとめ・章タイトル（白×空色・白×サンド・ネイビー（明るい映像用））
12. 今日の宿・宿名（ネイビー×サンド・白×ネイビー・ネイビー×空色）
13. 朝食ビュッフェ・ラベル（サンド・白・空色）
14. フォトスポット・スタンプ（白・空色・赤）
15. 予算・1人あたり（白×赤・空色×ネイビー・サンド×ネイビー）
16. Vlog 番号・#（ネイビー・白・空色）
17. 行ってきます・丸文字（白×ネイビー・空色×ネイビー・ただいま（サンド×ネイビー））
18. 観光地名・下線（白・白×空色線・ネイビー（明るい映像用））
19. 現在時刻・天気（黒半透明・空色・白）
20. 旅タイトル・下部帯（ネイビー×空色・サンド×ネイビー・空色×白）

■ 対応ソフト
Premiere Pro / After Effects / CapCut / DaVinci Resolve / Final Cut Pro / iMovie / Canva など、画像を読み込めるものすべて

■ ライセンス
商用利用OK・クレジット表記不要。
素材そのものの再配布・転売・二次配布、素材集としての再パッケージは禁止。
デジタル商品のため、購入後の返品・返金はできません。

■ 注意
特定の番組・局のロゴやデザインを複製したものではなく、ジャンルの「雰囲気」を再現した汎用デザインです。
テロップメーカーはフォント読み込みにインターネット接続が必要です。
ご購入後、ダウンロードできる ZIP（約 数十MB）を解凍してお使いください。

■ サポート
使い方のご質問は BASE のメッセージからどうぞ。

■ よくある質問」として短縮版（★印の5問）を入れる。長い版はサポートのメッセージ返信にコピペする。

## ★ Q. どの編集ソフトで使えますか？
A. 画像（PNG）を読み込めるソフトならすべて使えます。Premiere Pro / After Effects / CapCut / DaVinci Resolve / Final Cut Pro / iMovie / Canva で動作を確認しています。テロップは透過 PNG なので、映像の上に置くだけです。

## ★ Q. 文字は自分で変えられますか？
A. はい。同梱の「テロップメーカー」（HTML アプリ）をブラウザで開き、好きな文字を入れて同じデザインで PNG を書き出せます。台本を貼れば全行分を一括で書き出せます。文字なしの「帯のみ」PNG も入っているので、編集ソフトのテキストを上に乗せる使い方もできます。

## ★ Q. 商用利用はできますか？クレジットは必要ですか？
A. 商用利用 OK、クレジット表記は不要です。YouTube・広告・企業VP・結婚式映像・クライアント案件に使えます。禁止はテロップ素材そのものの再配布・転売・二次配布と、素材集として再パッケージすることだけです。

## ★ Q. 縦動画（ショート・リール）でも使えますか？
A. はい。全デザインに 9:16（1080×1920）版が入っています。16:9（1920×1080）版と同じファイル名で、`png/9x16/` フォルダにあります。

## ★ Q. ZIP を解凍したら文字化けしています／開けません
A. Windows の標準解凍で日本語ファイル名が化けることがあります。7-Zip など UTF-8 対応の解凍ソフトをお使いください。Mac では標準で開けます。それでも開けない場合は BASE のメッセージからご連絡ください。再送します。

## Q. テロップメーカーが真っ白／フォントが違う
A. テロップメーカーはフォントを Google Fonts から読み込むため、インターネット接続が必要です。オフラインだと代替フォントで表示されます。Chrome・Edge・Safari の最新版でお使いください。社内ネットワークで外部フォントがブロックされている場合は、PNG 素材をそのままお使いください。

## Q. Premiere で同じ見た目を自分で作りたい
A. 同梱の RECIPE.txt に、各デザインのフォント・サイズ・色・縁取り・影の設定値を載せています。エッセンシャルグラフィックスで同じ値を入れれば再現できます。

## Q. 1つ買えば会社の他のスタッフも使えますか？
A. 購入者本人と同一事業所内での利用は台数無制限です。別会社・外部スタッフに渡す場合は、その会社ごとにご購入ください。

## Q. 他のパックのテロップメーカーと同じですか？
A. アプリは共通で、入っているデザインがパックごとに違います。複数パックをお持ちの場合は、最新のパックに入っているテロップメーカーが全パック対応版です（designs.js に全デザインが入っています）。

## Q. 返品・返金はできますか？
A. デジタル商品の性質上、購入後の返品・返金はできません。ファイルが壊れている・足りない場合は再送しますので、BASE のメッセージからご連絡ください。

## Q. アップデートはありますか？
A. デザインの修正や追加があった場合は、購入者に BASE のメッセージで新しい ZIP をお送りします。追加料金はありません。

## Q. 特定の番組のテロップと同じものですか？
A. いいえ。特定の番組・局のロゴやデザインを複製したものではなく、ジャンルの「雰囲気」を再現した汎用デザインです。

## Q. 欲しいジャンルがありません
A. 毎日 1 パックずつ新ジャンルを追加しています。BASE のメッセージでリクエストをいただければ、制作の参考にします。

---
## BASE 説明文の末尾に貼る短縮版（コピペ用）

■ よくある質問
Q. どのソフトで使える？ → 画像を読み込めるソフトすべて（Premiere / CapCut / DaVinci / iMovie / Canva）。透過 PNG を置くだけ
Q. 文字は変えられる？ → 同梱のテロップメーカー（ブラウザで動く）で好きな文字に。台本を貼れば一括書き出し
Q. 商用利用・クレジット → 商用 OK・クレジット不要。素材そのものの再配布・転売のみ禁止
Q. 縦動画でも使える？ → 全デザインに 9:16 版を同梱
Q. 解凍できない・文字化け → 7-Zip など UTF-8 対応の解凍ソフトで。それでもダメならメッセージで再送します
© Chain-Movies Inc.","1980","10","9999","1","21","https://raw.githubusercontent.com/chain-movies/daihon-studio/main/factory/gallery/travel-vol1/travel-vol1_01_cover.jpg","https://raw.githubusercontent.com/chain-movies/daihon-studio/main/factory/gallery/travel-vol1/travel-vol1_02_designs.jpg","https://raw.githubusercontent.com/chain-movies/daihon-studio/main/factory/gallery/travel-vol1/travel-vol1_03_portrait.jpg","https://raw.githubusercontent.com/chain-movies/daihon-studio/main/factory/gallery/travel-vol1/travel-vol1_04_howto.jpg","https://raw.githubusercontent.com/chain-movies/daihon-studio/main/factory/gallery/travel-vol1/travel-vol1_05_contents.jpg","https://raw.githubusercontent.com/chain-movies/daihon-studio/main/factory/gallery/travel-vol1/travel-vol1_06_compare.jpg","https://raw.githubusercontent.com/chain-movies/daihon-studio/main/factory/gallery/travel-vol1/travel-vol1_07_faq.jpg"
"医療・クリニック案内 テロップ集｜20デザイン×色違い 63点 透過PNG＋テロップメーカー付き","医療・クリニック案内 テロップ集｜20デザイン×色違い 63点の透過PNG＋テロップメーカー付き

貼るだけでテレビ番組のような「あのテロップ」になる、診療時間・ラベル・章タイトル・チェック・Q&A・引用・料金・数字・案内・CTA・注意・流れ・スタッフ・エンド 20デザインのセットです。
文字を変えたい人のために、ブラウザで動く「テロップメーカー」を同梱。台本を貼れば全行分を一括でPNG書き出しできます。

■ こんな人に
・YouTube / ショート動画のテロップに「テレビっぽさ」が欲しい
・Premiere Pro の文字装飾を毎回ゼロから作るのが面倒
・CapCut・DaVinci・iMovie でも使える素材が欲しい（画像を置くだけ）

■ 収録内容
・16:9（1920×1080）透過PNG 20デザイン × 色違い（計 63点）
・9:16（1080×1920）縦動画用 透過PNG（同数）
・文字なし「帯・ボックスのみ」PNG（自分のテキストを載せて使える）
・テロップメーカー（HTMLアプリ）: 好きな文字で同デザインを書き出し／台本一括書き出し
・RECIPE.txt: Premiere のエッセンシャルグラフィックスで再現するための設定値

■ 収録デザイン
01. 診療時間・表風（ブルー・ミント・グレー）
02. 休診日・ラベル（グレー・ブルー・白×グレー）
03. 予約制・ピル（ブルー・ミント・白・グレー）
04. 初診の方へ・章タイトル（白×ミント・白×ブルー・ブルー×白）
05. 症状チェック・✓（ブルー✓・ミント✓・グレー□）
06. Q&A・タグ差し替え（Q（ブルー）・A（ミント）・Q（グレー））
07. 院長より・引用（ブルー・ミント・グレー）
08. 保険適用／自費・タグ（保険適用（ブルー）・自費（グレー）・保険適用（ミント））
09. 所要時間・大きめ（ブルー・ミント・グレー）
10. 持ち物・リスト（ミント・ブルー・グレー）
11. アクセス・駅徒歩（ブルー・ミント・グレー）
12. 感染対策・小ラベル（ミント・白・ブルー）
13. 予約はこちら・CTA（ブルー・ミント・ネイビー）
14. 注意事項・帯（赤・グレー（お知らせ）・ブルー（ご案内））
15. お子さま連れOK・ピル（ミント・白・ブルー・グレー）
16. STEP・受診の流れ（STEP 1・STEP 2・STEP 3・STEP 4（ミント））
17. 料金・大きな数字（ブルー・ネイビー・ミント）
18. 相談無料・斜め（ブルー・ミント・白）
19. スタッフ紹介・名前＋職種（ブルー×白・ミント×白・白×グレー）
20. お大事に・エンド（白×ミント・白×ブルー・ブルー×白）

■ 対応ソフト
Premiere Pro / After Effects / CapCut / DaVinci Resolve / Final Cut Pro / iMovie / Canva など、画像を読み込めるものすべて

■ ライセンス
商用利用OK・クレジット表記不要。
素材そのものの再配布・転売・二次配布、素材集としての再パッケージは禁止。
デジタル商品のため、購入後の返品・返金はできません。

■ 注意
特定の番組・局のロゴやデザインを複製したものではなく、ジャンルの「雰囲気」を再現した汎用デザインです。
テロップメーカーはフォント読み込みにインターネット接続が必要です。
ご購入後、ダウンロードできる ZIP（約 数十MB）を解凍してお使いください。

■ サポート
使い方のご質問は BASE のメッセージからどうぞ。

■ よくある質問」として短縮版（★印の5問）を入れる。長い版はサポートのメッセージ返信にコピペする。

## ★ Q. どの編集ソフトで使えますか？
A. 画像（PNG）を読み込めるソフトならすべて使えます。Premiere Pro / After Effects / CapCut / DaVinci Resolve / Final Cut Pro / iMovie / Canva で動作を確認しています。テロップは透過 PNG なので、映像の上に置くだけです。

## ★ Q. 文字は自分で変えられますか？
A. はい。同梱の「テロップメーカー」（HTML アプリ）をブラウザで開き、好きな文字を入れて同じデザインで PNG を書き出せます。台本を貼れば全行分を一括で書き出せます。文字なしの「帯のみ」PNG も入っているので、編集ソフトのテキストを上に乗せる使い方もできます。

## ★ Q. 商用利用はできますか？クレジットは必要ですか？
A. 商用利用 OK、クレジット表記は不要です。YouTube・広告・企業VP・結婚式映像・クライアント案件に使えます。禁止はテロップ素材そのものの再配布・転売・二次配布と、素材集として再パッケージすることだけです。

## ★ Q. 縦動画（ショート・リール）でも使えますか？
A. はい。全デザインに 9:16（1080×1920）版が入っています。16:9（1920×1080）版と同じファイル名で、`png/9x16/` フォルダにあります。

## ★ Q. ZIP を解凍したら文字化けしています／開けません
A. Windows の標準解凍で日本語ファイル名が化けることがあります。7-Zip など UTF-8 対応の解凍ソフトをお使いください。Mac では標準で開けます。それでも開けない場合は BASE のメッセージからご連絡ください。再送します。

## Q. テロップメーカーが真っ白／フォントが違う
A. テロップメーカーはフォントを Google Fonts から読み込むため、インターネット接続が必要です。オフラインだと代替フォントで表示されます。Chrome・Edge・Safari の最新版でお使いください。社内ネットワークで外部フォントがブロックされている場合は、PNG 素材をそのままお使いください。

## Q. Premiere で同じ見た目を自分で作りたい
A. 同梱の RECIPE.txt に、各デザインのフォント・サイズ・色・縁取り・影の設定値を載せています。エッセンシャルグラフィックスで同じ値を入れれば再現できます。

## Q. 1つ買えば会社の他のスタッフも使えますか？
A. 購入者本人と同一事業所内での利用は台数無制限です。別会社・外部スタッフに渡す場合は、その会社ごとにご購入ください。

## Q. 他のパックのテロップメーカーと同じですか？
A. アプリは共通で、入っているデザインがパックごとに違います。複数パックをお持ちの場合は、最新のパックに入っているテロップメーカーが全パック対応版です（designs.js に全デザインが入っています）。

## Q. 返品・返金はできますか？
A. デジタル商品の性質上、購入後の返品・返金はできません。ファイルが壊れている・足りない場合は再送しますので、BASE のメッセージからご連絡ください。

## Q. アップデートはありますか？
A. デザインの修正や追加があった場合は、購入者に BASE のメッセージで新しい ZIP をお送りします。追加料金はありません。

## Q. 特定の番組のテロップと同じものですか？
A. いいえ。特定の番組・局のロゴやデザインを複製したものではなく、ジャンルの「雰囲気」を再現した汎用デザインです。

## Q. 欲しいジャンルがありません
A. 毎日 1 パックずつ新ジャンルを追加しています。BASE のメッセージでリクエストをいただければ、制作の参考にします。

---
## BASE 説明文の末尾に貼る短縮版（コピペ用）

■ よくある質問
Q. どのソフトで使える？ → 画像を読み込めるソフトすべて（Premiere / CapCut / DaVinci / iMovie / Canva）。透過 PNG を置くだけ
Q. 文字は変えられる？ → 同梱のテロップメーカー（ブラウザで動く）で好きな文字に。台本を貼れば一括書き出し
Q. 商用利用・クレジット → 商用 OK・クレジット不要。素材そのものの再配布・転売のみ禁止
Q. 縦動画でも使える？ → 全デザインに 9:16 版を同梱
Q. 解凍できない・文字化け → 7-Zip など UTF-8 対応の解凍ソフトで。それでもダメならメッセージで再送します
© Chain-Movies Inc.","1980","10","9999","1","22","https://raw.githubusercontent.com/chain-movies/daihon-studio/main/factory/gallery/clinic-vol1/clinic-vol1_01_cover.jpg","https://raw.githubusercontent.com/chain-movies/daihon-studio/main/factory/gallery/clinic-vol1/clinic-vol1_02_designs.jpg","https://raw.githubusercontent.com/chain-movies/daihon-studio/main/factory/gallery/clinic-vol1/clinic-vol1_03_portrait.jpg","https://raw.githubusercontent.com/chain-movies/daihon-studio/main/factory/gallery/clinic-vol1/clinic-vol1_04_howto.jpg","https://raw.githubusercontent.com/chain-movies/daihon-studio/main/factory/gallery/clinic-vol1/clinic-vol1_05_contents.jpg","https://raw.githubusercontent.com/chain-movies/daihon-studio/main/factory/gallery/clinic-vol1/clinic-vol1_06_compare.jpg","https://raw.githubusercontent.com/chain-movies/daihon-studio/main/factory/gallery/clinic-vol1/clinic-vol1_07_faq.jpg"
"士業・コンサル解説 テロップ集｜20デザイン×色違い 63点 透過PNG＋テロップメーカー付き","士業・コンサル解説 テロップ集｜20デザイン×色違い 63点の透過PNG＋テロップメーカー付き

貼るだけでテレビ番組のような「あのテロップ」になる、結論・制度・ポイント・誤解・要件・期限・ケース・計算式・注釈・Q&A・用語・まとめ・CTA・流れ・数字・章タイトル・エンド 20デザインのセットです。
文字を変えたい人のために、ブラウザで動く「テロップメーカー」を同梱。台本を貼れば全行分を一括でPNG書き出しできます。

■ こんな人に
・YouTube / ショート動画のテロップに「テレビっぽさ」が欲しい
・Premiere Pro の文字装飾を毎回ゼロから作るのが面倒
・CapCut・DaVinci・iMovie でも使える素材が欲しい（画像を置くだけ）

■ 収録内容
・16:9（1920×1080）透過PNG 20デザイン × 色違い（計 63点）
・9:16（1080×1920）縦動画用 透過PNG（同数）
・文字なし「帯・ボックスのみ」PNG（自分のテキストを載せて使える）
・テロップメーカー（HTMLアプリ）: 好きな文字で同デザインを書き出し／台本一括書き出し
・RECIPE.txt: Premiere のエッセンシャルグラフィックスで再現するための設定値

■ 収録デザイン
01. 結論・タグ＋一文（ネイビー×黄・ブルー×白・白×ネイビー）
02. 改正・日付タグ（ブルー・赤（注意喚起）・ネイビー）
03. 対象・条件ラベル（ネイビー・ブルー・対象外（グレー））
04. ポイント番号・タグ差し替え（ポイント①・ポイント②・ポイント③・ポイント①（ブルー））
05. よくある誤解・×（グレー×赤・ネイビー×赤・白×赤）
06. 正しくは・○（白×ブルー・白×ネイビー・ネイビー×黄）
07. 要件・チェック風（ブルー☑・ネイビー☑・未チェック☐）
08. 期限・赤（赤・ネイビー・黄（要注意））
09. 例・ケース（グレー・ブルー・黄）
10. 計算式・枠（ネイビー・ブルー・ネイビー地×白）
11. 免責・小ラベル（グレー・ネイビー・白）
12. Q&A・ネイビー（Q（黄）・A（ブルー）・Q（白））
13. 用語解説・定義（ブルー・ネイビー・黄）
14. まとめ・帯（ネイビー×黄・ブルー×白・白×ネイビー）
15. 無料相談・CTA（ブルー・ネイビー・黄）
16. 出典・小ラベル（ネイビー・グレー・白）
17. STEP・申請の流れ（STEP 1・STEP 2・STEP 3・STEP 4（ブルー））
18. 金額・大きな数字（ネイビー×黄・赤（負担額）・ブルー）
19. 章タイトル・番号（01・02・03・01（ブルー））
20. ご相談ください・エンド（ネイビー×黄・ブルー×白・白×ネイビー）

■ 対応ソフト
Premiere Pro / After Effects / CapCut / DaVinci Resolve / Final Cut Pro / iMovie / Canva など、画像を読み込めるものすべて

■ ライセンス
商用利用OK・クレジット表記不要。
素材そのものの再配布・転売・二次配布、素材集としての再パッケージは禁止。
デジタル商品のため、購入後の返品・返金はできません。

■ 注意
特定の番組・局のロゴやデザインを複製したものではなく、ジャンルの「雰囲気」を再現した汎用デザインです。
テロップメーカーはフォント読み込みにインターネット接続が必要です。
ご購入後、ダウンロードできる ZIP（約 数十MB）を解凍してお使いください。

■ サポート
使い方のご質問は BASE のメッセージからどうぞ。

■ よくある質問」として短縮版（★印の5問）を入れる。長い版はサポートのメッセージ返信にコピペする。

## ★ Q. どの編集ソフトで使えますか？
A. 画像（PNG）を読み込めるソフトならすべて使えます。Premiere Pro / After Effects / CapCut / DaVinci Resolve / Final Cut Pro / iMovie / Canva で動作を確認しています。テロップは透過 PNG なので、映像の上に置くだけです。

## ★ Q. 文字は自分で変えられますか？
A. はい。同梱の「テロップメーカー」（HTML アプリ）をブラウザで開き、好きな文字を入れて同じデザインで PNG を書き出せます。台本を貼れば全行分を一括で書き出せます。文字なしの「帯のみ」PNG も入っているので、編集ソフトのテキストを上に乗せる使い方もできます。

## ★ Q. 商用利用はできますか？クレジットは必要ですか？
A. 商用利用 OK、クレジット表記は不要です。YouTube・広告・企業VP・結婚式映像・クライアント案件に使えます。禁止はテロップ素材そのものの再配布・転売・二次配布と、素材集として再パッケージすることだけです。

## ★ Q. 縦動画（ショート・リール）でも使えますか？
A. はい。全デザインに 9:16（1080×1920）版が入っています。16:9（1920×1080）版と同じファイル名で、`png/9x16/` フォルダにあります。

## ★ Q. ZIP を解凍したら文字化けしています／開けません
A. Windows の標準解凍で日本語ファイル名が化けることがあります。7-Zip など UTF-8 対応の解凍ソフトをお使いください。Mac では標準で開けます。それでも開けない場合は BASE のメッセージからご連絡ください。再送します。

## Q. テロップメーカーが真っ白／フォントが違う
A. テロップメーカーはフォントを Google Fonts から読み込むため、インターネット接続が必要です。オフラインだと代替フォントで表示されます。Chrome・Edge・Safari の最新版でお使いください。社内ネットワークで外部フォントがブロックされている場合は、PNG 素材をそのままお使いください。

## Q. Premiere で同じ見た目を自分で作りたい
A. 同梱の RECIPE.txt に、各デザインのフォント・サイズ・色・縁取り・影の設定値を載せています。エッセンシャルグラフィックスで同じ値を入れれば再現できます。

## Q. 1つ買えば会社の他のスタッフも使えますか？
A. 購入者本人と同一事業所内での利用は台数無制限です。別会社・外部スタッフに渡す場合は、その会社ごとにご購入ください。

## Q. 他のパックのテロップメーカーと同じですか？
A. アプリは共通で、入っているデザインがパックごとに違います。複数パックをお持ちの場合は、最新のパックに入っているテロップメーカーが全パック対応版です（designs.js に全デザインが入っています）。

## Q. 返品・返金はできますか？
A. デジタル商品の性質上、購入後の返品・返金はできません。ファイルが壊れている・足りない場合は再送しますので、BASE のメッセージからご連絡ください。

## Q. アップデートはありますか？
A. デザインの修正や追加があった場合は、購入者に BASE のメッセージで新しい ZIP をお送りします。追加料金はありません。

## Q. 特定の番組のテロップと同じものですか？
A. いいえ。特定の番組・局のロゴやデザインを複製したものではなく、ジャンルの「雰囲気」を再現した汎用デザインです。

## Q. 欲しいジャンルがありません
A. 毎日 1 パックずつ新ジャンルを追加しています。BASE のメッセージでリクエストをいただければ、制作の参考にします。

---
## BASE 説明文の末尾に貼る短縮版（コピペ用）

■ よくある質問
Q. どのソフトで使える？ → 画像を読み込めるソフトすべて（Premiere / CapCut / DaVinci / iMovie / Canva）。透過 PNG を置くだけ
Q. 文字は変えられる？ → 同梱のテロップメーカー（ブラウザで動く）で好きな文字に。台本を貼れば一括書き出し
Q. 商用利用・クレジット → 商用 OK・クレジット不要。素材そのものの再配布・転売のみ禁止
Q. 縦動画でも使える？ → 全デザインに 9:16 版を同梱
Q. 解凍できない・文字化け → 7-Zip など UTF-8 対応の解凍ソフトで。それでもダメならメッセージで再送します
© Chain-Movies Inc.","1980","10","9999","1","23","https://raw.githubusercontent.com/chain-movies/daihon-studio/main/factory/gallery/consult-vol1/consult-vol1_01_cover.jpg","https://raw.githubusercontent.com/chain-movies/daihon-studio/main/factory/gallery/consult-vol1/consult-vol1_02_designs.jpg","https://raw.githubusercontent.com/chain-movies/daihon-studio/main/factory/gallery/consult-vol1/consult-vol1_03_portrait.jpg","https://raw.githubusercontent.com/chain-movies/daihon-studio/main/factory/gallery/consult-vol1/consult-vol1_04_howto.jpg","https://raw.githubusercontent.com/chain-movies/daihon-studio/main/factory/gallery/consult-vol1/consult-vol1_05_contents.jpg","https://raw.githubusercontent.com/chain-movies/daihon-studio/main/factory/gallery/consult-vol1/consult-vol1_06_compare.jpg","https://raw.githubusercontent.com/chain-movies/daihon-studio/main/factory/gallery/consult-vol1/consult-vol1_07_faq.jpg"
"防災・自治体広報 テロップ集｜20デザイン×色違い 62点 透過PNG＋テロップメーカー付き","防災・自治体広報 テロップ集｜20デザイン×色違い 62点の透過PNG＋テロップメーカー付き

貼るだけでテレビ番組のような「あのテロップ」になる、避難・警戒・備え・数字・確認・案内・イベント・ラベル・章タイトル・流れ・見出し・CTA・注釈・まとめ・エンド・時刻 20デザインのセットです。
文字を変えたい人のために、ブラウザで動く「テロップメーカー」を同梱。台本を貼れば全行分を一括でPNG書き出しできます。

■ こんな人に
・YouTube / ショート動画のテロップに「テレビっぽさ」が欲しい
・Premiere Pro の文字装飾を毎回ゼロから作るのが面倒
・CapCut・DaVinci・iMovie でも使える素材が欲しい（画像を置くだけ）

■ 収録内容
・16:9（1920×1080）透過PNG 20デザイン × 色違い（計 62点）
・9:16（1080×1920）縦動画用 透過PNG（同数）
・文字なし「帯・ボックスのみ」PNG（自分のテキストを載せて使える）
・テロップメーカー（HTMLアプリ）: 好きな文字で同デザインを書き出し／台本一括書き出し
・RECIPE.txt: Premiere のエッセンシャルグラフィックスで再現するための設定値

■ 収録デザイン
01. 避難所・場所ラベル（ブルー・オレンジ・黒）
02. 警戒レベル・タグ差し替え（レベル3（黄）・レベル4（赤）・レベル5（紫））
03. 持ち出し品・チェック（オレンジ・ブルー・黒）
04. 非常食・日数（オレンジ・ブルー・赤）
05. 72時間・カウント（赤・オレンジ・黒×黄）
06. 注意／危険・帯（注意（黄）・危険（赤）・禁止（黒））
07. 安全確認・○（○（ブルー）・×（赤）・✓（オレンジ））
08. 連絡先・電話番号（ブルー・オレンジ・黒）
09. 開催日・訓練案内（オレンジ×黄・ブルー×白・黒×黄）
10. 参加無料・ピル（オレンジ・ブルー・黄）
11. お知らせ・章タイトル（白×オレンジ・白×ブルー・黒×黄）
12. STEP・身を守る（STEP 1・STEP 2・STEP 3・STEP 4（ブルー））
13. シーン見出し・地震／大雨（黒×オレンジ・黒×ブルー（大雨）・黒×黄（台風）・黒×赤（火災））
14. ハザードマップ・CTA（ブルー・オレンジ・黒）
15. 協力・クレジット（黒×オレンジ・黒×ブルー・白）
16. 手話・字幕あり・小ラベル（ブルー・黒・白）
17. まとめ・帯（黒×オレンジ・ブルー×白・黄×黒）
18. ありがとうございました・エンド（白×オレンジ・白×ブルー・黒×黄）
19. 訓練です・常時表示（赤・黄・黒）
20. 避難開始・時刻（紫（レベル5）・赤（レベル4）・ブルー（情報））

■ 対応ソフト
Premiere Pro / After Effects / CapCut / DaVinci Resolve / Final Cut Pro / iMovie / Canva など、画像を読み込めるものすべて

■ ライセンス
商用利用OK・クレジット表記不要。
素材そのものの再配布・転売・二次配布、素材集としての再パッケージは禁止。
デジタル商品のため、購入後の返品・返金はできません。

■ 注意
特定の番組・局のロゴやデザインを複製したものではなく、ジャンルの「雰囲気」を再現した汎用デザインです。
テロップメーカーはフォント読み込みにインターネット接続が必要です。
ご購入後、ダウンロードできる ZIP（約 数十MB）を解凍してお使いください。

■ サポート
使い方のご質問は BASE のメッセージからどうぞ。

■ よくある質問」として短縮版（★印の5問）を入れる。長い版はサポートのメッセージ返信にコピペする。

## ★ Q. どの編集ソフトで使えますか？
A. 画像（PNG）を読み込めるソフトならすべて使えます。Premiere Pro / After Effects / CapCut / DaVinci Resolve / Final Cut Pro / iMovie / Canva で動作を確認しています。テロップは透過 PNG なので、映像の上に置くだけです。

## ★ Q. 文字は自分で変えられますか？
A. はい。同梱の「テロップメーカー」（HTML アプリ）をブラウザで開き、好きな文字を入れて同じデザインで PNG を書き出せます。台本を貼れば全行分を一括で書き出せます。文字なしの「帯のみ」PNG も入っているので、編集ソフトのテキストを上に乗せる使い方もできます。

## ★ Q. 商用利用はできますか？クレジットは必要ですか？
A. 商用利用 OK、クレジット表記は不要です。YouTube・広告・企業VP・結婚式映像・クライアント案件に使えます。禁止はテロップ素材そのものの再配布・転売・二次配布と、素材集として再パッケージすることだけです。

## ★ Q. 縦動画（ショート・リール）でも使えますか？
A. はい。全デザインに 9:16（1080×1920）版が入っています。16:9（1920×1080）版と同じファイル名で、`png/9x16/` フォルダにあります。

## ★ Q. ZIP を解凍したら文字化けしています／開けません
A. Windows の標準解凍で日本語ファイル名が化けることがあります。7-Zip など UTF-8 対応の解凍ソフトをお使いください。Mac では標準で開けます。それでも開けない場合は BASE のメッセージからご連絡ください。再送します。

## Q. テロップメーカーが真っ白／フォントが違う
A. テロップメーカーはフォントを Google Fonts から読み込むため、インターネット接続が必要です。オフラインだと代替フォントで表示されます。Chrome・Edge・Safari の最新版でお使いください。社内ネットワークで外部フォントがブロックされている場合は、PNG 素材をそのままお使いください。

## Q. Premiere で同じ見た目を自分で作りたい
A. 同梱の RECIPE.txt に、各デザインのフォント・サイズ・色・縁取り・影の設定値を載せています。エッセンシャルグラフィックスで同じ値を入れれば再現できます。

## Q. 1つ買えば会社の他のスタッフも使えますか？
A. 購入者本人と同一事業所内での利用は台数無制限です。別会社・外部スタッフに渡す場合は、その会社ごとにご購入ください。

## Q. 他のパックのテロップメーカーと同じですか？
A. アプリは共通で、入っているデザインがパックごとに違います。複数パックをお持ちの場合は、最新のパックに入っているテロップメーカーが全パック対応版です（designs.js に全デザインが入っています）。

## Q. 返品・返金はできますか？
A. デジタル商品の性質上、購入後の返品・返金はできません。ファイルが壊れている・足りない場合は再送しますので、BASE のメッセージからご連絡ください。

## Q. アップデートはありますか？
A. デザインの修正や追加があった場合は、購入者に BASE のメッセージで新しい ZIP をお送りします。追加料金はありません。

## Q. 特定の番組のテロップと同じものですか？
A. いいえ。特定の番組・局のロゴやデザインを複製したものではなく、ジャンルの「雰囲気」を再現した汎用デザインです。

## Q. 欲しいジャンルがありません
A. 毎日 1 パックずつ新ジャンルを追加しています。BASE のメッセージでリクエストをいただければ、制作の参考にします。

---
## BASE 説明文の末尾に貼る短縮版（コピペ用）

■ よくある質問
Q. どのソフトで使える？ → 画像を読み込めるソフトすべて（Premiere / CapCut / DaVinci / iMovie / Canva）。透過 PNG を置くだけ
Q. 文字は変えられる？ → 同梱のテロップメーカー（ブラウザで動く）で好きな文字に。台本を貼れば一括書き出し
Q. 商用利用・クレジット → 商用 OK・クレジット不要。素材そのものの再配布・転売のみ禁止
Q. 縦動画でも使える？ → 全デザインに 9:16 版を同梱
Q. 解凍できない・文字化け → 7-Zip など UTF-8 対応の解凍ソフトで。それでもダメならメッセージで再送します
© Chain-Movies Inc.","1980","10","9999","1","24","https://raw.githubusercontent.com/chain-movies/daihon-studio/main/factory/gallery/bousai-vol1/bousai-vol1_01_cover.jpg","https://raw.githubusercontent.com/chain-movies/daihon-studio/main/factory/gallery/bousai-vol1/bousai-vol1_02_designs.jpg","https://raw.githubusercontent.com/chain-movies/daihon-studio/main/factory/gallery/bousai-vol1/bousai-vol1_03_portrait.jpg","https://raw.githubusercontent.com/chain-movies/daihon-studio/main/factory/gallery/bousai-vol1/bousai-vol1_04_howto.jpg","https://raw.githubusercontent.com/chain-movies/daihon-studio/main/factory/gallery/bousai-vol1/bousai-vol1_05_contents.jpg","https://raw.githubusercontent.com/chain-movies/daihon-studio/main/factory/gallery/bousai-vol1/bousai-vol1_06_compare.jpg","https://raw.githubusercontent.com/chain-movies/daihon-studio/main/factory/gallery/bousai-vol1/bousai-vol1_07_faq.jpg"
"農業・産直・道の駅 テロップ集｜20デザイン×色違い 61点 透過PNG＋テロップメーカー付き","農業・産直・道の駅 テロップ集｜20デザイン×色違い 61点の透過PNG＋テロップメーカー付き

貼るだけでテレビ番組のような「あのテロップ」になる、章タイトル・ラベル・数字・スタンプ・価格・ピン・生産者・流れ・小ラベル・時刻・注意・CTA・引用・エンド・オープニング 20デザインのセットです。
文字を変えたい人のために、ブラウザで動く「テロップメーカー」を同梱。台本を貼れば全行分を一括でPNG書き出しできます。

■ こんな人に
・YouTube / ショート動画のテロップに「テレビっぽさ」が欲しい
・Premiere Pro の文字装飾を毎回ゼロから作るのが面倒
・CapCut・DaVinci・iMovie でも使える素材が欲しい（画像を置くだけ）

■ 収録内容
・16:9（1920×1080）透過PNG 20デザイン × 色違い（計 61点）
・9:16（1080×1920）縦動画用 透過PNG（同数）
・文字なし「帯・ボックスのみ」PNG（自分のテキストを載せて使える）
・テロップメーカー（HTMLアプリ）: 好きな文字で同デザインを書き出し／台本一括書き出し
・RECIPE.txt: Premiere のエッセンシャルグラフィックスで再現するための設定値

■ 収録デザイン
01. きょうの収穫・章タイトル（クラフト×緑・緑×白・白×ブラウン）
02. 旬・時期タグ（緑・ブラウン・クラフト）
03. 品種・タグ差し替え（品種・等級・サイズ）
04. 糖度・大きな数字（緑・ブラウン・白×緑地）
05. 朝どれ・スタンプ（緑・ブラウン・クラフト）
06. 値札風・価格（赤×クラフト・赤×白・ブラウン（通常価格））
07. 無農薬・減農薬 ピル（無農薬・減農薬・有機）
08. 産地・ピン（ブラウン・緑・白）
09. 生産者・名前＋農園（緑×クラフト・ブラウン×クラフト・白×緑）
10. おいしい食べ方・章（01（ブラウン）・02（緑）・03（クラフト））
11. 保存方法・ラベル（ブラウン・緑・クラフト）
12. STEP・収穫の流れ（STEP 1・STEP 2・STEP 3・STEP 4（ブラウン））
13. 天気・小ラベル（クラフト・白・緑）
14. 作業時間・時刻（ブラウン・緑・白）
15. ご注意・帯（ブラウン×クラフト・緑×白・クラフト×ブラウン）
16. 道の駅で販売中・CTA（緑・ブラウン・クラフト）
17. 定期便はこちら・CTA（ブラウン・緑・クラフト）
18. 今年の出来・引用（クラフト×緑・白×ブラウン・緑×白）
19. ありがとうございました・エンド（クラフト×緑・白×ブラウン・緑×白）
20. 畑からこんにちは・オープニング（緑・ブラウン・クラフト）

■ 対応ソフト
Premiere Pro / After Effects / CapCut / DaVinci Resolve / Final Cut Pro / iMovie / Canva など、画像を読み込めるものすべて

■ ライセンス
商用利用OK・クレジット表記不要。
素材そのものの再配布・転売・二次配布、素材集としての再パッケージは禁止。
デジタル商品のため、購入後の返品・返金はできません。

■ 注意
特定の番組・局のロゴやデザインを複製したものではなく、ジャンルの「雰囲気」を再現した汎用デザインです。
テロップメーカーはフォント読み込みにインターネット接続が必要です。
ご購入後、ダウンロードできる ZIP（約 数十MB）を解凍してお使いください。

■ サポート
使い方のご質問は BASE のメッセージからどうぞ。

■ よくある質問」として短縮版（★印の5問）を入れる。長い版はサポートのメッセージ返信にコピペする。

## ★ Q. どの編集ソフトで使えますか？
A. 画像（PNG）を読み込めるソフトならすべて使えます。Premiere Pro / After Effects / CapCut / DaVinci Resolve / Final Cut Pro / iMovie / Canva で動作を確認しています。テロップは透過 PNG なので、映像の上に置くだけです。

## ★ Q. 文字は自分で変えられますか？
A. はい。同梱の「テロップメーカー」（HTML アプリ）をブラウザで開き、好きな文字を入れて同じデザインで PNG を書き出せます。台本を貼れば全行分を一括で書き出せます。文字なしの「帯のみ」PNG も入っているので、編集ソフトのテキストを上に乗せる使い方もできます。

## ★ Q. 商用利用はできますか？クレジットは必要ですか？
A. 商用利用 OK、クレジット表記は不要です。YouTube・広告・企業VP・結婚式映像・クライアント案件に使えます。禁止はテロップ素材そのものの再配布・転売・二次配布と、素材集として再パッケージすることだけです。

## ★ Q. 縦動画（ショート・リール）でも使えますか？
A. はい。全デザインに 9:16（1080×1920）版が入っています。16:9（1920×1080）版と同じファイル名で、`png/9x16/` フォルダにあります。

## ★ Q. ZIP を解凍したら文字化けしています／開けません
A. Windows の標準解凍で日本語ファイル名が化けることがあります。7-Zip など UTF-8 対応の解凍ソフトをお使いください。Mac では標準で開けます。それでも開けない場合は BASE のメッセージからご連絡ください。再送します。

## Q. テロップメーカーが真っ白／フォントが違う
A. テロップメーカーはフォントを Google Fonts から読み込むため、インターネット接続が必要です。オフラインだと代替フォントで表示されます。Chrome・Edge・Safari の最新版でお使いください。社内ネットワークで外部フォントがブロックされている場合は、PNG 素材をそのままお使いください。

## Q. Premiere で同じ見た目を自分で作りたい
A. 同梱の RECIPE.txt に、各デザインのフォント・サイズ・色・縁取り・影の設定値を載せています。エッセンシャルグラフィックスで同じ値を入れれば再現できます。

## Q. 1つ買えば会社の他のスタッフも使えますか？
A. 購入者本人と同一事業所内での利用は台数無制限です。別会社・外部スタッフに渡す場合は、その会社ごとにご購入ください。

## Q. 他のパックのテロップメーカーと同じですか？
A. アプリは共通で、入っているデザインがパックごとに違います。複数パックをお持ちの場合は、最新のパックに入っているテロップメーカーが全パック対応版です（designs.js に全デザインが入っています）。

## Q. 返品・返金はできますか？
A. デジタル商品の性質上、購入後の返品・返金はできません。ファイルが壊れている・足りない場合は再送しますので、BASE のメッセージからご連絡ください。

## Q. アップデートはありますか？
A. デザインの修正や追加があった場合は、購入者に BASE のメッセージで新しい ZIP をお送りします。追加料金はありません。

## Q. 特定の番組のテロップと同じものですか？
A. いいえ。特定の番組・局のロゴやデザインを複製したものではなく、ジャンルの「雰囲気」を再現した汎用デザインです。

## Q. 欲しいジャンルがありません
A. 毎日 1 パックずつ新ジャンルを追加しています。BASE のメッセージでリクエストをいただければ、制作の参考にします。

---
## BASE 説明文の末尾に貼る短縮版（コピペ用）

■ よくある質問
Q. どのソフトで使える？ → 画像を読み込めるソフトすべて（Premiere / CapCut / DaVinci / iMovie / Canva）。透過 PNG を置くだけ
Q. 文字は変えられる？ → 同梱のテロップメーカー（ブラウザで動く）で好きな文字に。台本を貼れば一括書き出し
Q. 商用利用・クレジット → 商用 OK・クレジット不要。素材そのものの再配布・転売のみ禁止
Q. 縦動画でも使える？ → 全デザインに 9:16 版を同梱
Q. 解凍できない・文字化け → 7-Zip など UTF-8 対応の解凍ソフトで。それでもダメならメッセージで再送します
© Chain-Movies Inc.","1980","10","9999","1","25","https://raw.githubusercontent.com/chain-movies/daihon-studio/main/factory/gallery/agri-vol1/agri-vol1_01_cover.jpg","https://raw.githubusercontent.com/chain-movies/daihon-studio/main/factory/gallery/agri-vol1/agri-vol1_02_designs.jpg","https://raw.githubusercontent.com/chain-movies/daihon-studio/main/factory/gallery/agri-vol1/agri-vol1_03_portrait.jpg","https://raw.githubusercontent.com/chain-movies/daihon-studio/main/factory/gallery/agri-vol1/agri-vol1_04_howto.jpg","https://raw.githubusercontent.com/chain-movies/daihon-studio/main/factory/gallery/agri-vol1/agri-vol1_05_contents.jpg","https://raw.githubusercontent.com/chain-movies/daihon-studio/main/factory/gallery/agri-vol1/agri-vol1_06_compare.jpg","https://raw.githubusercontent.com/chain-movies/daihon-studio/main/factory/gallery/agri-vol1/agri-vol1_07_faq.jpg"
"車・バイク紹介 テロップ集｜20デザイン×色違い 63点 透過PNG＋テロップメーカー付き","車・バイク紹介 テロップ集｜20デザイン×色違い 63点の透過PNG＋テロップメーカー付き

貼るだけでテレビ番組のような「あのテロップ」になる、下部帯・数字・価格・ラベル・装備・スペック・章タイトル・注意・評価・計測・ポイント・流れ・CTA・エンド・オープニング 20デザインのセットです。
文字を変えたい人のために、ブラウザで動く「テロップメーカー」を同梱。台本を貼れば全行分を一括でPNG書き出しできます。

■ こんな人に
・YouTube / ショート動画のテロップに「テレビっぽさ」が欲しい
・Premiere Pro の文字装飾を毎回ゼロから作るのが面倒
・CapCut・DaVinci・iMovie でも使える素材が欲しい（画像を置くだけ）

■ 収録内容
・16:9（1920×1080）透過PNG 20デザイン × 色違い（計 63点）
・9:16（1080×1920）縦動画用 透過PNG（同数）
・文字なし「帯・ボックスのみ」PNG（自分のテキストを載せて使える）
・テロップメーカー（HTMLアプリ）: 好きな文字で同デザインを書き出し／台本一括書き出し
・RECIPE.txt: Premiere のエッセンシャルグラフィックスで再現するための設定値

■ 収録デザイン
01. 車種名・年式 下部帯（黒×赤・黒×ブルー・グレー×黄）
02. 走行距離・数字（グレー・ブルー・黒×黄）
03. 支払総額・赤（赤・黒・黄×黒）
04. 車検・ピル（ブルー・赤・黄・グレー）
05. ワンオーナー／禁煙車・タグ差し替え（ワンオーナー・禁煙車・修復歴なし）
06. 装備・チェック✓（黄✓・ブルー✓・白×黒✓）
07. 燃費・数字（ブルー・黒・赤）
08. スペック表風・排気量（黒・グレー・ブルー）
09. 外装／内装・章タイトル（赤・ブルー・黄×黒・黒）
10. 試乗レビュー・ラベル（黄・赤・白）
11. 気になった点・注意（グレー・赤・黒）
12. おすすめ度・★（黒×黄・白×黒・赤×白）
13. 0-100km/h・計測風（黒×黄・黒×シアン・黒×白）
14. ここがポイント・矢印（赤・黄×黒・ブルー）
15. STEP・納車までの流れ（STEP 1・STEP 2・STEP 3・STEP 4（赤））
16. ローン・月々（ブルー・赤・黒）
17. 在庫 残り1台・赤（赤・黄×黒・黒）
18. お問い合わせ・CTA（赤・ブルー・黒）
19. ご視聴ありがとうございました・エンド（黒×赤・黒×黄・白×黒）
20. 本日の1台・オープニング（黄・赤×白・白×黒）

■ 対応ソフト
Premiere Pro / After Effects / CapCut / DaVinci Resolve / Final Cut Pro / iMovie / Canva など、画像を読み込めるものすべて

■ ライセンス
商用利用OK・クレジット表記不要。
素材そのものの再配布・転売・二次配布、素材集としての再パッケージは禁止。
デジタル商品のため、購入後の返品・返金はできません。

■ 注意
特定の番組・局のロゴやデザインを複製したものではなく、ジャンルの「雰囲気」を再現した汎用デザインです。
テロップメーカーはフォント読み込みにインターネット接続が必要です。
ご購入後、ダウンロードできる ZIP（約 数十MB）を解凍してお使いください。

■ サポート
使い方のご質問は BASE のメッセージからどうぞ。

■ よくある質問」として短縮版（★印の5問）を入れる。長い版はサポートのメッセージ返信にコピペする。

## ★ Q. どの編集ソフトで使えますか？
A. 画像（PNG）を読み込めるソフトならすべて使えます。Premiere Pro / After Effects / CapCut / DaVinci Resolve / Final Cut Pro / iMovie / Canva で動作を確認しています。テロップは透過 PNG なので、映像の上に置くだけです。

## ★ Q. 文字は自分で変えられますか？
A. はい。同梱の「テロップメーカー」（HTML アプリ）をブラウザで開き、好きな文字を入れて同じデザインで PNG を書き出せます。台本を貼れば全行分を一括で書き出せます。文字なしの「帯のみ」PNG も入っているので、編集ソフトのテキストを上に乗せる使い方もできます。

## ★ Q. 商用利用はできますか？クレジットは必要ですか？
A. 商用利用 OK、クレジット表記は不要です。YouTube・広告・企業VP・結婚式映像・クライアント案件に使えます。禁止はテロップ素材そのものの再配布・転売・二次配布と、素材集として再パッケージすることだけです。

## ★ Q. 縦動画（ショート・リール）でも使えますか？
A. はい。全デザインに 9:16（1080×1920）版が入っています。16:9（1920×1080）版と同じファイル名で、`png/9x16/` フォルダにあります。

## ★ Q. ZIP を解凍したら文字化けしています／開けません
A. Windows の標準解凍で日本語ファイル名が化けることがあります。7-Zip など UTF-8 対応の解凍ソフトをお使いください。Mac では標準で開けます。それでも開けない場合は BASE のメッセージからご連絡ください。再送します。

## Q. テロップメーカーが真っ白／フォントが違う
A. テロップメーカーはフォントを Google Fonts から読み込むため、インターネット接続が必要です。オフラインだと代替フォントで表示されます。Chrome・Edge・Safari の最新版でお使いください。社内ネットワークで外部フォントがブロックされている場合は、PNG 素材をそのままお使いください。

## Q. Premiere で同じ見た目を自分で作りたい
A. 同梱の RECIPE.txt に、各デザインのフォント・サイズ・色・縁取り・影の設定値を載せています。エッセンシャルグラフィックスで同じ値を入れれば再現できます。

## Q. 1つ買えば会社の他のスタッフも使えますか？
A. 購入者本人と同一事業所内での利用は台数無制限です。別会社・外部スタッフに渡す場合は、その会社ごとにご購入ください。

## Q. 他のパックのテロップメーカーと同じですか？
A. アプリは共通で、入っているデザインがパックごとに違います。複数パックをお持ちの場合は、最新のパックに入っているテロップメーカーが全パック対応版です（designs.js に全デザインが入っています）。

## Q. 返品・返金はできますか？
A. デジタル商品の性質上、購入後の返品・返金はできません。ファイルが壊れている・足りない場合は再送しますので、BASE のメッセージからご連絡ください。

## Q. アップデートはありますか？
A. デザインの修正や追加があった場合は、購入者に BASE のメッセージで新しい ZIP をお送りします。追加料金はありません。

## Q. 特定の番組のテロップと同じものですか？
A. いいえ。特定の番組・局のロゴやデザインを複製したものではなく、ジャンルの「雰囲気」を再現した汎用デザインです。

## Q. 欲しいジャンルがありません
A. 毎日 1 パックずつ新ジャンルを追加しています。BASE のメッセージでリクエストをいただければ、制作の参考にします。

---
## BASE 説明文の末尾に貼る短縮版（コピペ用）

■ よくある質問
Q. どのソフトで使える？ → 画像を読み込めるソフトすべて（Premiere / CapCut / DaVinci / iMovie / Canva）。透過 PNG を置くだけ
Q. 文字は変えられる？ → 同梱のテロップメーカー（ブラウザで動く）で好きな文字に。台本を貼れば一括書き出し
Q. 商用利用・クレジット → 商用 OK・クレジット不要。素材そのものの再配布・転売のみ禁止
Q. 縦動画でも使える？ → 全デザインに 9:16 版を同梱
Q. 解凍できない・文字化け → 7-Zip など UTF-8 対応の解凍ソフトで。それでもダメならメッセージで再送します
© Chain-Movies Inc.","1980","10","9999","1","26","https://raw.githubusercontent.com/chain-movies/daihon-studio/main/factory/gallery/car-vol1/car-vol1_01_cover.jpg","https://raw.githubusercontent.com/chain-movies/daihon-studio/main/factory/gallery/car-vol1/car-vol1_02_designs.jpg","https://raw.githubusercontent.com/chain-movies/daihon-studio/main/factory/gallery/car-vol1/car-vol1_03_portrait.jpg","https://raw.githubusercontent.com/chain-movies/daihon-studio/main/factory/gallery/car-vol1/car-vol1_04_howto.jpg","https://raw.githubusercontent.com/chain-movies/daihon-studio/main/factory/gallery/car-vol1/car-vol1_05_contents.jpg","https://raw.githubusercontent.com/chain-movies/daihon-studio/main/factory/gallery/car-vol1/car-vol1_06_compare.jpg","https://raw.githubusercontent.com/chain-movies/daihon-studio/main/factory/gallery/car-vol1/car-vol1_07_faq.jpg"
